ZEIT;RAUMID;BEZ;PGR;BZR;PLR;STADTRAUM;E_A;E_AM;E_AW;E_A00_01;E_A01_02;E_A02_03;E_A03_05;E_A05_06;E_A06_07;E_A07_08;E_A08_10;E_A10_12;E_A12_14;E_A14_15;E_A15_18;E_A18_21;E_A21_25;E_A25_27;E_A27_30;E_A30_35;E_A35_40;E_A40_45;E_A45_50;E_A50_55;E_A55_60;E_A60_63;E_A63_65;E_A65_67;E_A67_70;E_A70_75;E_A75_80;E_A80_85;E_A85_90;E_A90_95;E_A95_110;E_AU1;E_A1U6;E_A6U15;E_A15U18;E_A18U25;E_A25U55;E_A55U65;E_A65U80;E_A80U110
202012;01011101;01;01;11;01;1;1387;751;636;3;3;9;14;9;3;6;6;9;0;0;7;34;129;133;190;224;139;125;64;60;54;38;21;12;18;31;31;3;12;0;0;3;35;24;7;163;935;113;92;15
202012;01011102;01;01;11;02;1;73;48;25;0;0;3;0;0;0;0;0;0;0;0;0;0;6;6;13;23;7;3;3;3;3;0;0;0;3;0;0;0;0;0;0;0;3;0;0;6;58;3;3;0
202012;01011103;01;01;11;03;1;1853;988;865;0;16;9;19;6;3;9;9;9;16;10;27;28;140;111;157;255;210;159;134;126;106;58;39;44;20;60;16;45;9;3;0;0;50;56;27;168;1152;203;140;57
202012;01011104;01;01;11;04;1;1787;996;791;10;9;6;19;12;14;0;25;27;7;16;15;44;169;151;206;258;186;156;110;95;97;40;18;15;21;21;16;6;9;6;3;10;46;89;15;213;1162;155;73;24
202012;01011105;01;01;11;05;1;836;459;377;10;6;3;15;8;9;3;22;9;4;3;28;15;35;28;51;155;116;92;64;54;39;22;12;7;13;3;4;3;3;0;0;10;32;50;28;50;560;73;27;6
202012;01011201;01;01;12;01;1;1134;627;507;0;7;12;21;13;0;7;21;16;9;3;13;39;81;52;110;186;145;75;86;58;53;13;21;21;19;20;11;16;3;3;0;0;53;56;13;120;712;87;71;22
202012;01011202;01;01;12;02;1;228;114;114;0;3;3;6;0;0;3;0;0;0;0;10;3;10;3;25;28;40;33;24;12;3;10;3;0;3;3;3;0;0;0;0;0;12;3;10;13;165;16;9;0
202012;01011203;01;01;12;03;1;425;216;209;3;3;0;6;0;7;0;6;9;3;3;7;3;17;4;38;75;65;63;18;42;22;3;3;4;3;9;0;3;0;3;3;3;9;28;7;20;305;28;16;9
202012;01011204;01;01;12;04;1;2814;1429;1385;16;34;30;49;27;18;26;44;38;28;10;40;59;125;131;251;529;413;246;171;160;111;71;33;32;20;65;18;3;3;13;0;16;140;164;40;184;1901;215;135;19
202012;01011301;01;01;13;01;1;2153;1131;1022;15;18;21;18;16;13;3;12;21;12;10;0;28;104;120;225;505;345;224;155;96;58;24;15;10;39;27;13;6;0;0;0;15;73;71;0;132;1670;97;89;6
202012;01011302;01;01;13;02;1;3308;1664;1644;15;15;21;43;16;18;18;36;24;45;13;31;35;142;161;339;634;495;376;274;206;131;55;31;9;27;50;27;15;0;6;0;15;95;154;31;177;2485;217;113;21
202012;01011303;01;01;13;03;1;3470;1840;1630;25;22;30;50;12;18;16;25;23;35;21;24;50;219;229;426;730;524;303;202;166;123;51;33;16;35;32;12;6;9;3;0;25;114;138;24;269;2580;207;95;18
202012;01011304;01;01;13;04;1;2656;1323;1333;22;25;24;50;22;25;31;43;36;48;15;50;89;187;142;291;417;288;260;132;150;115;59;29;18;33;30;15;10;0;0;0;22;121;198;50;276;1680;203;96;10
202012;01011305;01;01;13;05;1;2765;1516;1249;28;35;21;54;22;13;15;21;21;12;3;29;50;140;122;313;574;421;239;176;164;93;62;26;29;16;27;26;10;3;0;0;28;132;85;29;190;2009;181;98;13
202012;01011306;01;01;13;06;1;3347;1745;1602;14;12;26;38;9;12;12;19;9;3;9;28;156;556;250;332;525;430;281;175;158;123;37;22;28;25;30;16;6;6;0;0;14;85;64;28;712;2151;182;99;12
202012;01011401;01;01;14;01;1;5438;2742;2696;44;36;34;100;41;41;26;71;55;48;14;54;80;282;261;608;1231;864;549;397;253;138;60;30;22;19;44;16;20;0;0;0;44;211;255;54;362;4163;228;101;20
202012;01011402;01;01;14;02;1;3619;1821;1798;21;31;29;53;24;25;19;26;32;23;13;26;39;172;141;357;798;672;426;271;185;102;34;25;12;18;24;15;3;3;0;0;21;137;138;26;211;2850;161;69;6
202012;01022101;01;02;21;01;1;1299;726;573;15;12;9;12;6;7;13;31;26;15;6;21;41;67;53;163;187;161;90;90;72;65;31;16;23;6;27;22;9;0;3;0;15;39;98;21;108;816;112;78;12
202012;01022102;01;02;21;02;1;2987;1655;1332;21;21;15;27;18;23;8;36;30;27;15;38;83;259;168;300;408;309;222;214;219;152;76;37;41;46;98;34;24;12;3;3;21;81;139;38;342;1840;265;219;42
202012;01022103;01;02;21;03;1;174;92;82;0;3;0;6;0;0;0;9;12;3;3;10;3;19;14;6;15;9;19;7;12;6;6;3;3;3;3;0;0;0;0;0;0;9;27;10;22;82;15;9;0
202012;01022104;01;02;21;04;1;6063;3356;2707;9;31;27;50;30;29;22;65;42;62;30;83;118;441;333;582;880;647;491;481;398;349;153;97;84;126;167;143;64;19;6;4;9;138;250;83;559;3812;599;520;93
202012;01022105;01;02;21;05;1;1920;1053;867;10;18;15;28;7;9;12;28;19;21;12;32;51;120;93;172;260;203;178;143;145;113;38;30;19;19;53;27;26;12;4;3;10;68;101;32;171;1194;181;118;45
202012;01022106;01;02;21;06;1;2267;1177;1090;6;6;0;28;13;6;16;12;18;12;3;28;45;140;120;230;393;237;227;174;109;126;57;33;32;49;80;49;15;0;3;0;6;47;67;28;185;1490;216;210;18
202012;01022201;01;02;22;01;1;3320;1774;1546;4;13;25;32;24;13;16;34;31;36;12;55;63;215;216;364;559;319;293;270;191;166;84;28;44;36;88;50;26;10;3;0;4;94;142;55;278;2212;278;218;39
202012;01022202;01;02;22;02;1;2340;1247;1093;22;35;23;42;12;21;15;11;13;10;3;13;25;146;144;342;633;306;162;111;81;48;19;10;18;7;37;9;19;3;0;0;22;112;73;13;171;1779;77;71;22
202012;01022203;01;02;22;03;1;2374;1200;1174;20;15;15;34;18;16;13;24;15;38;13;28;56;136;87;181;298;220;204;202;167;145;51;45;28;44;91;80;62;28;0;0;20;82;119;28;192;1359;241;243;90
202012;01022204;01;02;22;04;1;1527;830;697;7;6;3;12;6;10;6;10;13;6;9;20;10;88;92;175;242;195;147;100;107;77;33;24;18;30;28;18;28;4;3;0;7;27;54;20;98;1058;134;94;35
202012;01022205;01;02;22;05;1;1090;546;544;4;10;12;38;6;9;12;22;28;25;9;23;31;66;48;82;118;106;84;83;51;71;28;15;18;24;22;25;17;3;0;0;4;66;105;23;97;572;114;89;20
202012;01022206;01;02;22;06;1;713;361;352;3;4;3;15;3;10;0;3;0;6;6;7;4;46;30;61;123;101;62;52;47;38;23;18;13;6;9;14;3;3;0;0;3;25;25;7;50;476;79;42;6
202012;01022207;01;02;22;07;1;1978;1051;927;3;7;4;11;3;6;4;9;19;6;3;16;53;311;212;346;300;150;105;86;66;76;34;13;26;20;45;28;9;7;0;0;3;25;47;16;364;1265;123;119;16
202012;01033101;01;03;31;01;1;10845;5810;5035;67;98;90;208;104;101;97;204;154;187;80;244;265;736;452;831;1417;1109;941;883;737;622;247;130;120;146;216;186;117;44;9;3;67;500;823;244;1001;6370;999;668;173
202012;01033102;01;03;31;02;1;4419;2333;2086;15;34;32;51;22;25;33;52;43;55;16;77;104;323;211;323;574;445;428;401;351;235;101;71;41;59;138;93;53;10;3;0;15;139;224;77;427;2733;407;331;66
202012;01033201;01;03;32;01;1;4303;2175;2128;18;28;21;61;23;35;27;55;51;44;24;39;79;187;155;303;587;494;436;388;338;285;96;62;58;88;131;97;54;29;10;0;18;133;236;39;266;2701;443;374;93
202012;01033202;01;03;32;02;1;3156;1586;1570;9;30;16;31;11;3;12;21;34;30;10;56;171;310;172;221;380;308;287;236;204;181;68;40;33;74;70;70;62;6;0;0;9;88;110;56;481;1808;289;247;68
202012;01033203;01;03;32;03;1;5852;3190;2662;37;41;42;91;29;45;37;83;67;59;38;124;162;380;270;512;810;593;532;508;412;325;133;63;56;62;151;90;69;18;10;3;37;203;329;124;542;3637;521;359;100
202012;01044101;01;04;41;01;1;6462;3475;2987;29;30;34;82;32;36;49;86;71;76;43;95;141;371;273;577;948;691;641;530;442;382;181;77;92;115;159;102;48;19;10;0;29;178;361;95;512;4102;640;468;77
202012;01044102;01;04;41;02;1;4166;2197;1969;31;25;21;64;27;24;21;56;68;45;13;70;75;267;199;358;608;426;351;323;271;248;136;63;46;64;135;90;25;4;12;0;31;137;227;70;342;2536;447;335;41
202012;01044103;01;04;41;03;1;3166;1662;1504;15;27;26;47;21;19;17;35;42;35;18;77;92;206;189;320;484;332;252;258;188;163;64;26;19;36;73;42;33;4;3;3;15;121;166;77;298;2023;253;170;43
202012;01044201;01;04;42;01;1;10177;5438;4739;57;57;74;143;69;63;55;152;132;129;68;205;247;606;429;801;1277;1102;923;935;746;679;231;141;111;133;244;205;123;34;6;0;57;343;599;205;853;6213;1051;693;163
202012;01044202;01;04;42;02;1;6754;3791;2963;30;36;37;76;37;32;49;75;62;72;32;65;193;656;521;766;1003;724;566;438;377;293;122;90;84;72;122;61;45;9;6;3;30;186;322;65;849;4395;505;339;63
202012;01044203;01;04;42;03;1;6206;3326;2880;22;52;45;72;45;27;35;64;81;58;28;75;113;387;257;482;917;627;531;501;469;408;171;86;91;100;205;142;77;35;0;3;22;214;293;75;500;3784;665;538;115
202012;02010101;02;01;01;01;1;2540;1334;1206;18;21;22;32;15;6;12;18;26;21;13;30;48;142;118;256;465;279;189;213;172;153;63;22;36;28;44;30;16;9;10;13;18;90;96;30;190;1692;238;138;48
202012;02010102;02;01;01;02;1;4759;2433;2326;21;25;27;53;26;32;18;52;44;64;23;65;78;276;210;351;671;490;421;404;372;321;130;57;45;70;141;119;96;34;13;10;21;131;233;65;354;2919;508;375;153
202012;02010103;02;01;01;03;1;5403;2809;2594;27;31;23;60;22;15;10;31;46;27;18;43;90;271;182;360;649;592;569;552;461;409;144;104;63;94;179;156;100;56;19;0;27;136;147;43;361;3365;657;492;175
202012;02010104;02;01;01;04;1;1598;796;802;4;3;11;9;0;6;3;17;13;3;3;12;13;80;47;101;223;160;177;149;123;148;49;28;40;20;55;37;45;15;4;0;4;23;45;12;93;980;225;152;64
202012;02020201;02;02;02;01;1;480;263;217;6;6;6;9;7;3;6;19;9;6;0;6;6;16;15;42;84;91;50;35;9;12;3;3;0;9;12;7;3;0;0;0;6;28;43;6;22;326;18;28;3
202012;02020202;02;02;02;02;1;1691;899;792;9;6;12;12;13;12;9;16;12;22;3;39;38;84;90;176;250;198;142;113;107;100;37;26;22;28;60;28;12;6;6;3;9;43;74;39;122;1076;163;138;27
202012;02020203;02;02;02;03;1;2727;1463;1264;16;14;19;37;13;17;15;15;17;15;4;12;31;161;155;273;453;361;248;227;172;139;77;33;39;43;53;23;29;13;3;0;16;83;83;12;192;1889;249;158;45
202012;02020204;02;02;02;04;1;3433;1799;1634;15;19;23;33;3;12;18;22;16;25;10;35;63;171;162;333;607;461;350;248;193;180;87;52;29;60;86;67;30;23;0;0;15;78;103;35;234;2354;319;242;53
202012;02020205;02;02;02;05;1;3644;1862;1782;6;11;12;7;6;16;6;18;6;22;9;18;38;210;150;348;602;445;330;328;273;219;102;51;51;78;89;109;51;27;6;0;6;36;77;18;248;2476;372;327;84
202012;02020206;02;02;02;06;1;5339;2740;2599;13;20;18;25;21;10;20;20;44;30;13;41;75;252;237;487;951;738;521;450;344;308;119;83;63;80;140;112;74;21;3;6;13;84;137;41;327;3728;510;395;104
202012;02030301;02;03;03;01;1;3272;1675;1597;9;6;9;12;9;6;3;18;9;18;3;32;46;114;116;171;385;333;325;328;271;278;99;55;58;85;163;160;91;33;18;9;9;36;57;32;160;1929;432;466;151
202012;02030302;02;03;03;02;1;4261;2278;1983;6;12;12;30;17;6;15;10;12;18;12;22;53;205;166;342;606;517;462;382;299;264;120;63;79;79;148;144;102;40;9;9;6;71;73;22;258;2774;447;450;160
202012;02030401;02;03;04;01;1;4762;2517;2245;12;23;16;29;12;21;3;24;18;12;10;18;35;257;203;450;859;642;503;390;325;251;98;76;38;60;134;125;71;30;10;7;12;80;88;18;292;3372;425;357;118
202012;02030402;02;03;04;02;1;3634;1969;1665;3;3;7;20;6;9;6;9;9;9;10;20;38;178;143;348;582;502;373;288;247;212;71;69;46;55;144;113;75;27;9;3;3;36;52;20;216;2483;352;358;114
202012;02040501;02;04;05;01;1;964;443;521;9;6;10;36;3;12;6;26;0;6;3;22;19;55;60;72;148;130;94;73;68;49;22;10;9;9;4;3;0;0;0;0;9;55;53;22;74;645;81;25;0
202012;02040502;02;04;05;02;1;1679;871;808;12;15;13;20;9;13;3;16;28;19;7;15;19;74;114;222;375;265;125;77;93;59;27;10;18;9;13;6;0;3;0;0;12;57;86;15;93;1271;96;46;3
202012;02040503;02;04;05;03;1;2132;1075;1057;6;25;22;41;20;11;23;12;16;7;3;9;21;113;129;263;504;358;196;113;79;76;23;12;16;12;10;6;0;3;3;0;6;108;72;9;134;1642;111;44;6
202012;02040701;02;04;07;01;1;3936;2028;1908;41;46;43;53;39;18;24;35;37;26;12;49;94;377;322;518;757;471;255;190;179;125;66;43;30;21;25;15;15;6;4;0;41;181;152;49;471;2692;234;91;25
202012;02040702;02;04;07;02;1;2707;1497;1210;12;10;15;12;3;9;3;21;6;16;6;15;117;390;248;359;543;352;221;118;85;58;25;19;9;4;10;9;9;0;0;3;12;40;61;15;507;1926;102;32;12
202012;02040703;02;04;07;03;1;691;377;314;6;7;9;27;14;16;10;19;17;15;10;14;7;50;33;88;163;59;53;25;15;12;10;6;6;0;0;0;0;0;0;0;6;57;87;14;57;436;28;6;0
202012;02050601;02;05;06;01;1;2295;1221;1074;6;22;11;16;11;7;15;23;30;27;3;12;23;143;150;331;592;358;198;107;85;68;12;18;0;3;9;6;9;0;0;0;6;60;105;12;166;1821;98;18;9
202012;02050602;02;05;06;02;1;5259;2734;2525;36;37;35;69;29;27;19;41;35;24;13;33;50;262;333;703;1344;903;490;295;172;122;46;26;27;41;29;15;3;0;0;0;36;170;159;33;312;4240;194;112;3
202012;02050801;02;05;08;01;1;5880;3101;2779;42;63;53;108;43;43;27;63;53;39;15;53;66;322;383;777;1463;961;484;299;199;155;66;30;30;19;12;6;3;3;0;0;42;267;240;53;388;4566;251;67;6
202012;02050802;02;05;08;02;1;5626;3006;2620;36;37;23;49;23;9;25;24;22;17;10;12;68;373;408;872;1449;982;504;285;152;107;43;19;18;16;19;9;12;3;0;0;36;132;107;12;441;4652;169;62;15
202012;02050803;02;05;08;03;1;2149;1174;975;9;19;4;38;6;13;6;6;6;6;0;13;30;161;146;351;563;349;150;98;82;21;27;17;3;16;6;3;0;0;0;0;9;67;37;13;191;1739;65;28;0
202012;02050804;02;05;08;04;1;502;240;262;0;3;9;9;0;3;3;4;3;3;0;4;12;17;12;37;117;92;50;39;38;17;9;0;3;0;9;3;3;0;3;0;0;21;16;4;29;385;26;15;6
202012;03010101;03;01;01;01;2;470;302;168;3;3;0;12;6;3;3;3;7;9;3;6;10;45;16;38;73;94;37;38;31;21;9;0;0;0;0;0;0;0;0;0;3;21;28;6;55;327;30;0;0
202012;03010102;03;01;01;02;2;1842;1011;831;28;45;30;52;31;38;28;51;45;50;25;37;68;154;99;155;265;189;159;127;61;53;22;9;15;3;3;0;0;0;0;0;28;158;237;37;222;1055;84;21;0
202012;03010104;03;01;01;04;2;33;24;9;3;0;0;0;0;0;0;0;0;0;0;0;0;3;3;3;3;9;3;0;6;0;0;0;0;0;0;0;0;0;0;0;3;0;0;0;3;27;0;0;0
202012;03020203;03;02;02;03;2;47;35;12;0;3;0;0;0;0;0;0;0;0;0;0;0;0;0;0;6;6;7;16;3;0;0;3;0;0;0;3;0;0;0;0;0;3;0;0;0;38;3;3;0
202012;03020209;03;02;02;09;2;1527;736;791;3;9;16;24;16;14;15;24;10;20;7;20;116;182;64;136;188;162;156;107;82;71;16;6;12;13;17;6;3;12;0;0;3;65;90;20;298;895;93;48;15
202012;03020210;03;02;02;10;2;1086;543;543;10;4;12;41;10;12;10;24;22;24;15;25;40;39;42;75;173;143;114;64;74;48;19;3;10;3;15;9;3;0;3;0;10;67;107;25;79;685;70;37;6
202012;03020307;03;02;03;07;2;1224;623;601;13;12;18;26;15;18;4;27;18;20;14;33;42;71;44;61;151;152;144;112;82;52;25;22;6;15;15;9;0;3;0;0;13;71;101;33;113;746;99;45;3
202012;03030405;03;03;04;05;2;1335;728;607;31;24;26;57;35;30;19;37;43;35;6;30;55;94;42;109;155;167;116;63;82;39;12;0;12;9;4;3;0;0;0;0;31;142;170;30;149;734;51;28;0
202012;03030406;03;03;04;06;2;332;149;183;0;7;7;3;0;0;3;4;6;9;4;0;3;25;18;17;33;43;40;33;34;9;6;4;0;0;18;3;3;0;0;0;0;17;26;0;28;218;19;21;3
202012;03030711;03;03;07;11;2;258;106;152;7;4;0;7;3;0;0;10;7;6;3;13;9;21;3;15;32;37;25;6;16;12;7;3;3;3;0;0;6;0;0;0;7;14;26;13;30;134;22;6;6
202012;03030715;03;03;07;15;2;1085;649;436;12;9;12;28;16;3;18;22;29;35;16;24;61;84;58;105;159;109;98;76;31;38;9;6;3;9;3;3;6;3;0;0;12;65;123;24;145;636;53;18;9
202012;03030716;03;03;07;16;2;17;10;7;0;0;0;0;0;0;0;0;0;0;0;0;0;0;0;3;0;0;7;0;0;7;0;0;0;0;0;0;0;0;0;0;0;0;0;0;0;10;7;0;0
202012;03040508;03;04;05;08;2;338;170;168;4;0;0;9;3;0;3;3;4;0;4;9;9;19;18;15;25;42;33;43;24;21;7;6;0;6;15;6;7;3;0;0;4;12;14;9;28;200;34;27;10
202012;03040512;03;04;05;12;2;989;484;505;3;19;15;19;13;6;9;17;10;10;12;27;22;61;63;80;164;120;95;81;40;24;19;9;12;9;15;0;3;12;0;0;3;66;64;27;83;643;52;36;15
202012;03040513;03;04;05;13;2;320;184;136;0;3;6;3;0;3;0;0;9;6;0;3;9;25;18;21;51;43;25;31;27;19;9;6;0;0;3;0;0;0;0;0;0;12;18;3;34;216;34;3;0
202012;03040614;03;04;06;14;2;3629;1831;1798;37;47;48;80;31;26;31;54;44;39;10;49;96;182;156;314;678;561;374;274;162;122;49;37;19;30;39;27;3;7;3;0;37;206;204;49;278;2519;208;115;13
202012;03040818;03;04;08;18;2;4525;2288;2237;34;57;47;96;31;40;36;60;42;64;17;50;89;256;228;525;900;698;459;282;174;124;60;17;41;37;35;13;10;3;0;0;34;231;259;50;345;3266;201;126;13
202012;03050919;03;05;09;19;2;484;253;231;13;3;15;9;6;10;0;6;12;6;6;19;13;27;19;46;67;57;55;40;21;15;0;7;3;0;6;0;0;3;0;0;13;33;40;19;40;305;22;9;3
202012;03050920;03;05;09;20;2;775;418;357;3;6;9;22;10;13;6;9;0;12;0;12;0;28;38;72;140;109;92;70;45;40;11;13;3;3;6;3;0;0;0;0;3;47;40;12;28;566;64;15;0
202012;03050923;03;05;09;23;2;1724;916;808;3;16;12;33;24;3;19;22;15;9;0;18;35;93;101;210;370;273;167;122;70;51;22;9;9;6;3;9;0;0;0;0;3;85;68;18;128;1313;82;27;0
202012;03050924;03;05;09;24;2;1101;590;511;3;16;9;17;3;3;3;18;15;9;9;16;10;65;69;124;212;160;119;79;64;42;4;6;3;13;7;3;0;0;0;0;3;45;57;16;75;827;52;26;0
202012;03050925;03;05;09;25;2;1313;662;651;15;16;10;21;13;15;13;30;27;22;6;22;33;66;70;127;229;195;115;83;48;49;19;3;12;10;26;9;3;3;3;0;15;60;113;22;99;867;71;57;9
202012;03051017;03;05;10;17;2;685;433;252;3;12;3;12;0;0;6;6;6;4;3;6;19;84;52;83;96;90;64;36;37;31;13;0;7;3;6;0;3;0;0;0;3;27;25;6;103;458;44;16;3
202012;03051021;03;05;10;21;2;750;367;383;12;12;7;24;16;9;7;17;9;15;3;18;19;64;33;79;114;83;63;36;46;16;12;15;0;9;6;0;3;3;0;0;12;59;60;18;83;454;43;15;6
202012;03051022;03;05;10;22;2;322;167;155;3;0;6;7;9;7;3;6;21;4;0;10;12;17;6;24;58;46;27;26;18;9;3;0;0;0;0;0;0;0;0;0;3;22;41;10;29;205;12;0;0
202012;03061126;03;06;11;26;1;3598;1912;1686;22;21;25;60;26;30;17;21;39;23;11;32;53;207;231;474;816;568;346;234;129;91;31;24;12;12;30;7;3;3;0;0;22;132;141;32;260;2798;146;61;6
202012;03061131;03;06;11;31;1;2607;1326;1281;13;12;15;30;10;10;10;29;19;16;3;13;35;128;154;341;542;469;270;186;130;75;31;9;16;12;15;4;3;3;4;0;13;67;87;13;163;2092;115;47;10
202012;03061227;03;06;12;27;1;2676;1333;1343;13;23;16;31;15;3;6;24;15;6;15;9;21;125;131;354;678;455;258;187;139;63;19;9;13;14;13;9;12;0;0;0;13;85;69;9;146;2202;91;49;12
202012;03061228;03;06;12;28;1;2305;1147;1158;16;15;23;24;22;15;13;20;17;29;10;36;31;108;126;247;549;407;196;133;93;72;36;15;13;9;24;3;0;3;0;0;16;84;104;36;139;1751;123;49;3
202012;03061332;03;06;13;32;1;4940;2506;2434;25;25;31;57;22;15;31;37;51;29;13;35;68;209;225;534;1052;860;560;427;250;181;63;30;31;20;29;16;11;3;0;0;25;135;176;35;277;3908;274;96;14
202012;03061429;03;06;14;29;1;1165;560;605;16;15;15;39;19;6;6;19;20;6;6;22;34;83;62;108;182;143;98;95;64;39;22;15;3;12;13;3;0;0;0;0;16;88;63;22;117;752;76;31;0
202012;03061430;03;06;14;30;1;1359;718;641;24;27;24;60;22;29;27;51;44;40;27;67;46;125;70;95;175;113;101;55;46;31;25;4;9;9;7;3;3;0;0;0;24;133;218;67;171;655;60;28;3
202012;03061434;03;06;14;34;1;1355;702;653;6;12;15;19;9;4;15;16;9;7;0;3;15;73;69;179;323;244;119;70;43;44;10;3;10;15;7;10;6;0;0;0;6;55;51;3;88;1047;57;42;6
202012;03061435;03;06;14;35;1;888;444;444;4;7;10;6;6;16;3;6;13;0;3;6;14;49;53;95;183;148;89;50;42;30;24;6;7;9;6;0;0;3;0;0;4;29;41;6;63;660;60;22;3
202012;03061441;03;06;14;41;1;438;215;223;3;3;3;18;3;3;9;3;0;3;0;3;16;22;10;22;80;77;72;34;24;9;3;6;3;3;3;3;0;0;0;0;3;27;18;3;38;319;18;12;0
202012;03071536;03;07;15;36;1;2877;1446;1431;9;27;15;29;16;9;22;25;20;21;6;43;75;137;164;282;600;440;336;263;142;99;44;6;6;13;6;13;0;3;6;0;9;87;103;43;212;2227;149;38;9
202012;03071537;03;07;15;37;1;3909;1969;1940;28;36;25;88;31;37;27;47;55;26;15;49;69;169;165;360;794;641;425;291;241;113;33;28;18;34;20;21;23;0;0;0;28;180;207;49;238;2917;174;93;23
202012;03071633;03;07;16;33;1;700;368;332;9;15;6;16;6;9;10;16;9;12;0;10;9;35;19;62;159;115;69;37;31;15;12;10;3;3;0;0;3;0;0;0;9;43;56;10;44;492;37;6;3
202012;03071638;03;07;16;38;1;3870;1883;1987;27;30;22;61;14;19;15;44;24;21;9;48;23;191;225;419;856;619;423;291;179;126;55;17;29;22;34;24;3;0;0;0;27;127;132;48;214;3012;198;109;3
202012;03071639;03;07;16;39;1;2253;1146;1107;6;21;18;38;11;15;6;16;13;18;3;27;50;85;95;225;449;386;252;187;121;85;28;28;16;7;25;18;4;0;0;0;6;88;71;27;135;1715;141;66;4
202012;04010101;04;01;01;01;2;3146;1649;1497;18;23;26;52;29;22;13;29;31;46;16;50;70;214;144;244;409;344;321;268;232;138;66;63;37;63;85;62;24;7;0;0;18;130;157;50;284;1962;267;247;31
202012;04010102;04;01;01;02;2;270;208;62;0;0;0;3;0;6;3;6;3;9;3;9;13;25;16;22;18;18;36;22;9;21;6;6;6;7;0;0;3;0;0;0;0;3;30;9;38;141;33;13;3
202012;04010103;04;01;01;03;2;2206;1054;1152;31;22;22;47;19;17;19;40;41;37;7;63;33;101;65;105;238;192;241;205;195;142;72;40;21;41;65;35;32;9;9;0;31;110;161;63;134;1241;254;162;50
202012;04020204;04;02;02;04;2;41;16;25;0;0;0;0;0;0;0;4;0;6;0;3;0;3;3;7;0;0;0;3;3;0;0;0;0;3;0;3;3;0;0;0;0;0;10;3;3;16;0;6;3
202012;04020205;04;02;02;05;2;188;110;78;0;0;0;0;0;3;0;0;0;0;0;3;9;12;3;15;21;15;14;31;15;23;6;12;3;0;3;0;0;0;0;0;0;0;3;3;21;114;41;6;0
202012;04020206;04;02;02;06;2;583;305;278;6;3;14;20;6;12;10;3;3;10;0;9;10;37;13;41;79;77;44;55;37;21;18;6;0;17;16;6;4;3;0;3;6;43;38;9;47;346;45;39;10
202012;04020207;04;02;02;07;2;480;241;239;4;0;0;3;3;0;0;3;3;3;3;10;13;18;36;42;64;47;55;49;34;29;16;0;7;9;14;9;3;3;0;0;4;6;12;10;31;327;45;39;6
202012;04020208;04;02;02;08;2;426;206;220;0;6;3;3;3;0;0;9;3;7;3;10;7;30;9;6;34;30;37;53;34;48;16;3;10;6;22;21;6;3;0;4;0;15;22;10;37;203;67;59;13
202012;04020209;04;02;02;09;2;934;502;432;3;0;0;6;4;0;4;10;9;0;3;3;45;212;101;119;113;94;72;38;29;12;20;9;9;6;3;6;0;0;4;0;3;10;26;3;257;566;41;24;4
202012;04020310;04;02;03;10;2;461;242;219;6;16;6;9;6;9;3;7;10;7;6;15;7;78;50;66;58;25;36;9;20;0;0;3;3;3;3;0;0;0;0;0;6;37;42;15;85;264;3;9;0
202012;04020311;04;02;03;11;2;2809;1436;1373;17;10;22;35;10;20;15;48;26;22;12;43;73;166;151;188;331;273;238;244;241;174;84;45;32;52;118;65;35;13;3;3;17;77;143;43;239;1666;303;267;54
202012;04020312;04;02;03;12;2;1149;633;516;10;9;12;19;12;15;9;13;26;19;11;32;25;84;42;95;122;128;98;94;53;57;36;19;25;18;35;18;3;10;0;0;10;52;93;32;109;632;112;96;13
202012;04020313;04;02;03;13;2;1679;831;848;6;9;18;21;11;12;13;18;14;19;9;21;33;138;87;129;240;162;180;107;102;84;42;18;37;29;48;35;28;0;6;3;6;59;85;21;171;1007;144;149;37
202012;04020314;04;02;03;14;2;6;6;0;0;0;0;0;0;0;0;0;0;0;0;0;0;3;0;0;0;0;0;0;0;0;3;0;0;0;0;0;0;0;0;0;0;0;0;0;3;0;3;0;0
202012;04030415;04;03;04;15;1;1372;750;622;7;11;3;26;7;3;12;6;9;6;3;15;18;127;90;139;207;149;118;109;72;45;38;18;13;34;35;27;15;6;0;4;7;47;39;15;145;884;101;109;25
202012;04030416;04;03;04;16;1;2721;1345;1376;9;16;9;31;3;6;13;38;21;13;6;35;23;133;94;172;335;265;232;226;219;182;114;57;58;84;143;110;42;19;6;7;9;59;97;35;156;1543;353;395;74
202012;04030417;04;03;04;17;1;2460;1259;1201;12;6;9;24;20;14;12;15;18;29;9;15;49;112;102;172;307;257;227;243;204;177;66;48;33;52;114;61;34;12;3;4;12;59;97;15;161;1512;291;260;53
202012;04030518;04;03;05;18;1;2713;1409;1304;10;16;22;40;3;7;15;32;22;6;13;28;41;158;130;215;370;286;225;208;213;194;86;62;51;46;99;59;37;16;0;3;10;81;95;28;199;1647;342;255;56
202012;04030519;04;03;05;19;1;1666;903;763;10;6;6;21;6;12;15;15;3;12;9;21;31;79;70;149;254;207;162;149;94;104;46;25;27;46;42;18;18;9;0;0;10;39;66;21;110;1085;175;133;27
202012;04030620;04;03;06;20;1;2385;1241;1144;3;21;7;20;12;13;16;22;30;31;9;19;50;110;98;207;320;255;200;228;205;141;69;17;30;71;73;48;39;12;6;3;3;60;121;19;160;1513;227;222;60
202012;04030621;04;03;06;21;1;1278;669;609;3;6;7;15;4;3;9;7;6;6;6;4;21;55;87;124;240;171;96;86;96;62;37;34;19;19;30;19;3;3;0;0;3;32;37;4;76;900;133;87;6
202012;04030622;04;03;06;22;1;3077;1589;1488;19;10;18;27;18;9;13;36;25;24;9;45;46;151;112;211;379;347;264;288;213;212;119;63;67;70;174;65;34;0;9;0;19;73;116;45;197;1814;394;376;43
202012;04030623;04;03;06;23;1;1713;842;871;3;7;12;18;7;12;9;3;14;18;7;6;16;93;59;138;230;227;157;143;115;113;40;35;35;37;80;35;22;16;3;3;3;44;63;6;109;1069;188;187;44
202012;04030724;04;03;07;24;1;1510;753;757;0;13;6;12;6;9;0;3;12;9;3;25;15;76;70;86;218;161;151;119;76;71;74;41;34;30;61;45;39;28;14;3;0;37;36;25;91;881;186;170;84
202012;04030725;04;03;07;25;1;3153;1630;1523;7;16;13;29;19;7;14;29;29;15;20;34;49;184;139;262;446;350;292;271;210;223;99;55;61;71;101;54;30;18;6;0;7;77;114;34;233;1970;377;287;54
202012;04030726;04;03;07;26;1;1535;772;763;4;7;10;14;15;10;6;21;18;28;10;28;48;68;34;101;164;165;137;149;132;100;51;36;29;46;53;31;14;3;3;0;4;46;93;28;116;882;187;159;20
202012;04030827;04;03;08;27;1;4327;2319;2008;12;18;16;39;30;23;9;22;30;31;16;49;72;305;212;333;494;494;393;381;312;299;145;69;85;103;146;109;54;20;6;0;12;103;131;49;377;2619;513;443;80
202012;04030828;04;03;08;28;1;2849;1468;1381;6;10;12;25;0;4;12;27;25;16;10;21;49;158;112;231;373;298;244;218;240;205;111;61;64;96;106;64;33;18;0;0;6;47;94;21;207;1716;377;330;51
202012;04030929;04;03;09;29;1;1567;811;756;6;6;6;10;3;10;10;22;16;11;3;6;13;52;53;107;175;156;143;133;129;141;73;43;23;53;74;52;28;7;3;0;6;25;72;6;65;896;257;202;38
202012;04030930;04;03;09;30;1;1601;888;713;3;9;3;9;12;7;0;21;3;13;12;22;23;69;36;76;186;135;155;151;120;144;81;35;56;40;85;58;16;12;9;0;3;33;56;22;92;859;260;239;37
202012;04030931;04;03;09;31;1;1359;756;603;9;15;7;24;9;15;7;15;19;25;7;13;23;47;43;78;151;149;111;118;104;111;54;25;34;33;58;40;9;3;3;0;9;55;88;13;70;754;190;165;15
202012;04031032;04;03;10;32;1;4062;2072;1990;15;32;22;43;22;24;7;40;50;35;21;47;77;196;147;310;525;479;395;333;276;252;144;72;74;116;149;90;57;6;3;3;15;119;177;47;273;2465;468;429;69
202012;04041133;04;04;11;33;2;61;46;15;0;0;0;0;0;0;0;0;0;0;0;0;0;6;4;6;9;10;3;10;10;3;0;0;0;0;0;0;0;0;0;0;0;0;0;0;6;52;3;0;0
202012;04041134;04;04;11;34;2;1285;630;655;0;7;4;28;3;12;18;17;16;15;0;25;29;75;56;87;151;146;117;118;93;82;19;24;16;39;46;12;10;13;7;0;0;42;78;25;104;768;125;113;30
202012;04041135;04;04;11;35;2;555;264;291;6;3;3;3;0;0;3;17;6;7;0;13;15;21;6;9;29;47;64;41;61;67;21;18;15;12;38;18;3;3;3;3;6;9;33;13;36;257;106;83;12
202012;04041136;04;04;11;36;2;617;284;333;0;0;3;7;3;0;3;10;3;13;10;13;18;20;10;26;57;40;67;76;42;48;33;15;22;21;26;18;7;0;3;3;0;13;39;13;38;318;96;87;13
202012;04041137;04;04;11;37;2;1809;919;890;3;6;7;18;19;7;12;30;15;20;12;22;32;91;67;115;204;214;213;165;136;104;58;33;31;43;47;42;31;3;0;9;3;50;96;22;123;1114;195;163;43
202012;04041238;04;04;12;38;2;1049;500;549;6;4;7;13;7;3;6;12;3;22;6;13;26;52;27;55;109;110;107;117;91;86;24;19;15;42;24;17;17;9;0;0;6;31;52;13;78;616;129;98;26
202012;04041239;04;04;12;39;2;462;257;205;12;3;3;16;6;4;0;16;9;12;4;10;11;20;12;49;96;72;32;22;20;12;3;6;6;0;6;0;0;0;0;0;12;28;45;10;31;303;21;12;0
202012;04041240;04;04;12;40;2;221;101;120;0;0;0;4;0;8;0;5;3;3;3;0;9;24;9;9;17;9;21;24;21;3;6;0;9;3;19;3;0;6;3;0;0;4;22;0;33;110;9;34;9
202012;04041241;04;04;12;41;2;1040;541;499;6;6;6;12;9;3;12;9;21;6;6;15;22;89;47;63;96;121;93;91;78;70;35;9;14;19;46;27;3;3;3;0;6;33;57;15;111;589;114;106;9
202012;04041342;04;04;13;42;2;850;413;437;3;7;6;9;4;6;6;9;0;12;7;18;13;33;25;60;79;92;69;68;72;49;47;22;27;39;30;21;14;3;0;0;3;26;40;18;46;465;118;117;17
202012;04041343;04;04;13;43;2;590;303;287;0;3;6;9;6;3;0;6;3;10;3;9;16;29;18;31;58;74;50;49;48;42;18;12;16;23;30;9;3;3;3;0;0;24;25;9;45;328;72;78;9
202012;04041344;04;04;13;44;2;1719;849;870;9;9;7;13;21;0;12;9;38;12;14;25;31;70;62;87;185;183;172;173;137;110;61;29;27;49;91;40;28;6;6;3;9;50;85;25;101;999;200;207;43
202012;04051445;04;05;14;45;1;1602;797;805;9;9;10;18;13;3;21;19;22;19;7;21;39;68;51;111;193;166;162;141;117;93;54;40;27;43;58;52;6;6;4;0;9;50;91;21;107;941;187;180;16
202012;04051446;04;05;14;46;1;2913;1508;1405;15;25;10;36;9;18;24;28;30;44;19;37;40;113;92;179;375;298;295;252;210;200;106;48;39;89;135;89;37;12;9;0;15;80;163;37;153;1701;354;352;58
202012;04051447;04;05;14;47;1;1312;643;669;7;3;7;12;9;3;3;13;9;13;3;16;29;48;63;82;156;155;93;113;115;91;66;22;30;34;60;23;27;4;3;0;7;31;44;16;77;777;179;147;34
202012;04051448;04;05;14;48;1;2818;1467;1351;6;18;16;21;9;13;12;27;28;16;10;25;41;159;110;174;346;309;237;263;242;201;103;70;69;56;108;73;34;19;3;0;6;64;106;25;200;1681;374;306;56
202012;04051549;04;05;15;49;1;1354;748;606;19;6;15;37;14;16;9;29;23;17;13;34;50;85;60;91;156;120;130;115;101;65;30;14;7;21;37;19;9;0;3;9;19;72;107;34;135;773;109;84;21
202012;04051550;04;05;15;50;1;1447;752;695;0;6;7;28;10;7;10;13;24;23;12;9;24;72;47;104;181;135;149;124;109;107;30;27;33;44;62;24;11;9;3;3;0;51;89;9;96;849;164;163;26
202012;04051551;04;05;15;51;1;1122;587;535;0;12;3;6;0;6;3;22;6;14;3;19;25;60;63;75;126;121;120;92;65;83;43;23;12;22;49;30;19;0;0;0;0;21;54;19;85;662;149;113;19
202012;04051652;04;05;16;52;1;2418;1255;1163;0;13;12;39;21;14;7;31;33;44;10;47;64;105;79;147;304;252;229;200;183;161;81;41;50;68;91;53;24;9;0;6;0;85;139;47;169;1394;283;262;39
202012;04051653;04;05;16;53;1;1805;948;857;6;3;6;10;13;6;17;12;17;9;10;18;47;112;70;141;227;179;146;159;136;126;50;43;24;57;70;52;12;23;0;4;6;32;71;18;159;1058;219;203;39
202012;04051654;04;05;16;54;1;695;342;353;3;6;3;6;3;6;3;6;3;10;0;7;6;42;22;62;114;74;56;56;46;40;26;13;17;19;28;12;3;0;3;0;3;18;28;7;48;430;79;76;6
202012;04051655;04;05;16;55;1;1947;1005;942;13;16;12;15;16;12;18;22;23;18;13;38;28;115;59;125;286;201;198;169;151;120;57;24;35;41;45;36;22;16;0;3;13;59;106;38;143;1189;201;157;41
202012;04051656;04;05;16;56;1;1449;766;683;3;0;3;16;0;9;4;13;22;16;16;16;26;64;67;90;191;189;150;126;111;88;37;28;21;39;63;13;16;6;6;0;3;19;80;16;90;924;153;136;28
202012;04061757;04;06;17;57;2;15;15;0;0;0;0;0;0;0;0;0;0;0;0;0;0;9;0;0;0;0;0;0;3;0;0;3;0;0;0;0;0;0;0;0;0;0;0;0;9;3;3;0;0
202012;05010101;05;01;01;01;2;1582;790;792;16;16;19;55;6;16;12;31;35;19;9;35;38;83;72;83;200;163;148;161;92;86;37;9;15;34;35;34;10;0;13;0;16;96;122;35;121;919;132;118;23
202012;05010102;05;01;01;02;2;1949;984;965;25;25;27;60;21;12;15;34;34;40;22;58;47;151;86;148;269;213;186;152;106;86;23;13;19;18;38;18;0;3;0;0;25;133;157;58;198;1160;122;93;3
202012;05010103;05;01;01;03;2;707;362;345;6;0;6;10;6;6;3;15;16;15;7;6;9;44;28;47;71;57;73;65;44;37;37;25;10;7;30;9;6;6;6;0;6;22;62;6;53;385;99;56;18
202012;05010204;05;01;02;04;2;901;417;484;6;12;19;37;22;19;30;32;41;31;23;45;22;55;22;36;78;85;84;60;46;25;12;0;12;15;13;10;6;3;0;0;6;90;176;45;77;411;37;50;9
202012;05010205;05;01;02;05;2;245;122;123;0;0;0;3;0;4;3;0;0;6;6;3;15;9;6;3;31;32;33;24;9;12;6;15;4;0;12;3;3;3;0;0;0;3;19;3;24;138;33;19;6
202012;05010206;05;01;02;06;2;2608;1345;1263;32;48;34;76;36;47;35;74;60;53;45;72;80;149;88;180;289;227;257;213;164;120;47;37;21;21;33;33;28;9;0;0;32;194;314;72;229;1418;204;108;37
202012;05010207;05;01;02;07;2;2771;1394;1377;19;30;31;80;19;41;35;59;49;58;25;69;76;149;71;180;247;274;276;230;207;156;96;33;56;40;84;25;28;19;6;3;19;160;267;69;225;1485;285;205;56
202012;05010208;05;01;02;08;2;1783;920;863;10;30;27;51;21;22;18;30;36;31;9;33;49;96;81;136;246;195;157;131;113;83;39;10;24;27;29;27;16;3;0;3;10;129;146;33;145;1059;132;107;22
202012;05010209;05;01;02;09;2;994;563;431;6;7;3;24;3;9;9;13;15;11;6;19;22;64;31;78;91;92;90;108;95;61;15;19;12;24;34;18;9;6;0;0;6;37;63;19;86;585;95;88;15
202012;05010310;05;01;03;10;2;1046;556;490;6;14;19;24;9;15;9;27;25;21;6;17;24;75;49;80;131;99;110;92;59;34;14;14;6;19;12;24;9;3;0;0;6;66;103;17;99;620;62;61;12
202012;05010311;05;01;03;11;2;1525;768;757;15;9;15;28;24;12;24;28;48;38;16;41;44;59;35;91;168;139;135;150;108;83;38;20;26;19;57;30;16;9;0;0;15;76;166;41;103;826;141;132;25
202012;05010312;05;01;03;12;2;3136;1716;1420;24;41;32;84;40;34;37;78;88;66;25;67;98;214;129;199;362;315;301;251;178;155;70;30;33;50;72;33;24;6;0;0;24;197;328;67;312;1735;255;188;30
202012;05010313;05;01;03;13;2;1952;1051;901;18;19;22;46;17;25;23;49;47;27;21;44;58;131;74;153;229;184;138;123;173;89;52;22;31;32;57;18;16;10;0;4;18;104;192;44;189;1074;163;138;30
202012;05010314;05;01;03;14;2;2827;1431;1396;10;28;27;49;15;21;13;47;42;40;20;60;55;175;112;169;330;314;252;236;247;182;73;25;48;53;77;55;34;12;6;0;10;119;183;60;230;1660;280;233;52
202012;05010339;05;01;03;39;2;596;330;266;8;14;15;30;19;18;25;40;26;26;9;39;33;24;16;28;54;47;40;28;26;6;3;6;0;10;6;0;0;0;0;0;8;78;144;39;57;239;15;16;0
202012;05020415;05;02;04;15;2;255;124;131;0;3;3;3;4;0;6;0;12;9;3;3;6;9;6;9;15;25;33;32;23;28;0;7;0;6;3;0;3;4;0;0;0;13;30;3;15;143;35;9;7
202012;05020416;05;02;04;16;2;29;20;9;0;0;0;0;0;0;0;0;0;0;0;0;0;0;3;0;0;6;3;3;6;0;0;4;0;4;0;0;0;0;0;0;0;0;0;0;0;21;4;4;0
202012;05020417;05;02;04;17;2;829;425;404;3;6;6;6;6;9;6;16;6;9;3;33;15;82;27;46;77;87;60;76;54;58;24;3;18;6;40;24;20;3;0;0;3;24;49;33;97;427;85;88;23
202012;05020418;05;02;04;18;2;759;429;330;6;7;3;22;12;9;13;13;23;18;18;12;24;42;43;57;105;73;67;57;37;21;25;0;3;20;20;6;0;3;0;0;6;44;94;12;66;439;46;49;3
202012;05020419;05;02;04;19;2;1271;630;641;9;21;29;33;13;18;15;46;30;25;12;37;32;64;41;98;152;132;114;94;68;43;34;18;13;31;21;13;9;3;3;0;9;96;146;37;96;699;95;78;15
202012;05020420;05;02;04;20;2;111;55;56;0;0;0;3;0;3;9;3;4;8;0;3;3;6;0;0;7;6;10;12;6;9;3;0;0;3;7;3;3;0;0;0;0;3;27;3;9;41;12;13;3
202012;05020521;05;02;05;21;2;365;199;166;0;12;3;3;3;0;0;0;12;3;6;0;19;19;18;18;28;51;40;48;34;12;9;0;3;6;6;6;3;0;3;0;0;21;21;0;38;237;21;21;6
202012;05020522;05;02;05;22;2;2401;1175;1226;24;35;42;96;42;39;37;83;72;69;46;71;65;108;67;108;262;249;240;181;164;107;35;22;22;22;33;19;26;6;9;0;24;215;346;71;173;1271;164;96;41
202012;05020523;05;02;05;23;2;4093;2035;2058;33;56;59;166;75;55;59;121;132;122;50;151;116;226;132;219;410;389;396;315;256;196;105;33;40;30;69;40;32;10;0;0;33;356;539;151;342;2117;334;179;42
202012;05020524;05;02;05;24;2;744;394;350;3;4;12;21;10;3;0;3;3;10;6;15;15;41;34;60;101;81;61;70;48;47;16;12;9;9;20;9;21;0;0;0;3;47;25;15;56;455;75;47;21
202012;05020625;05;02;06;25;2;1910;1051;859;15;19;30;40;18;18;21;38;31;19;9;44;77;154;71;131;243;222;142;158;104;98;40;29;20;22;46;32;13;3;3;0;15;107;136;44;231;1071;167;120;19
202012;05020626;05;02;06;26;2;4283;2280;2003;37;47;57;85;36;47;42;93;82;61;41;114;108;227;178;311;586;441;392;350;280;214;90;46;54;66;92;60;30;16;0;0;37;225;366;114;335;2538;350;272;46
202012;05020627;05;02;06;27;2;1344;760;584;15;25;21;38;13;16;20;29;46;35;12;48;52;78;72;89;147;129;111;113;86;55;18;16;9;15;15;9;3;6;3;0;15;97;158;48;130;747;89;48;12
202012;05020628;05;02;06;28;2;251;117;134;0;0;6;6;0;4;6;3;4;3;6;16;3;10;3;7;9;40;19;25;27;24;12;0;3;0;12;3;0;0;0;0;0;12;26;16;13;130;36;18;0
202012;05020629;05;02;06;29;2;339;154;185;0;3;4;9;3;6;0;6;6;3;0;3;3;18;10;15;35;39;30;15;24;33;19;9;3;11;16;3;3;7;3;0;0;19;21;3;21;168;61;33;13
202012;05030730;05;03;07;30;2;908;441;467;6;9;3;15;10;9;7;16;16;15;0;19;17;29;27;49;82;115;124;109;82;52;12;7;9;6;37;23;0;0;3;0;6;37;63;19;46;588;71;75;3
202012;05030731;05;03;07;31;2;2653;1258;1395;13;28;29;55;12;22;33;40;52;46;16;39;65;109;96;166;306;292;269;218;188;174;75;62;46;47;79;29;34;10;3;0;13;124;209;39;174;1535;311;201;47
202012;05030832;05;03;08;32;2;3395;1792;1603;25;21;34;59;30;34;25;62;59;43;19;76;90;210;161;261;376;332;317;267;230;162;65;48;50;91;125;62;33;21;4;3;25;144;242;76;300;1944;275;328;61
202012;05030833;05;03;08;33;2;131;77;54;0;0;0;0;0;0;0;0;0;9;3;0;0;7;4;13;17;17;12;12;10;7;6;4;0;0;7;3;0;0;0;0;0;0;12;0;7;85;17;10;0
202012;05040934;05;04;09;34;2;249;132;117;0;0;0;0;0;0;3;3;6;0;7;10;7;7;9;13;28;29;22;22;25;20;6;4;6;6;0;9;3;0;0;4;0;0;19;10;14;148;30;21;7
202012;05040935;05;04;09;35;2;70;42;28;0;0;0;0;0;0;0;0;0;0;0;0;6;9;3;3;0;15;0;0;9;6;3;0;0;0;13;3;0;0;0;0;0;0;0;0;15;30;9;16;0
202012;05040936;05;04;09;36;2;619;288;331;0;0;0;9;3;7;12;3;12;7;0;7;15;13;18;12;56;56;71;66;67;57;16;14;9;25;32;14;11;3;4;0;0;12;41;7;28;346;87;80;18
202012;05040937;05;04;09;37;2;142;64;78;0;0;0;0;3;0;0;0;0;4;0;3;3;12;3;10;12;0;10;12;12;11;10;3;3;13;6;3;6;3;0;0;0;3;4;3;15;59;24;25;9
202012;05040938;05;04;09;38;2;222;100;122;0;0;0;0;3;0;0;7;6;6;3;10;6;12;6;9;18;18;33;27;12;16;9;0;0;6;6;9;0;0;0;0;0;3;22;10;18;123;25;21;0
202012;06010101;06;01;01;01;2;959;462;497;0;7;0;3;7;3;3;0;13;18;9;13;34;54;47;72;85;101;76;95;85;53;25;32;19;16;31;27;22;3;6;0;0;17;46;13;88;561;110;93;31
202012;06010102;06;01;01;02;2;1721;832;889;10;6;6;19;9;18;9;16;18;24;6;22;35;86;64;121;195;193;165;142;137;127;55;37;40;39;56;30;24;9;0;3;10;40;91;22;121;1017;219;165;36
202012;06010103;06;01;01;03;2;1053;543;510;0;3;4;11;3;3;10;3;12;7;3;18;18;48;39;86;118;117;92;96;101;58;31;13;13;41;53;31;12;3;0;6;0;21;38;18;66;649;102;138;21
202012;06010204;06;01;02;04;2;1274;684;590;6;6;6;16;4;13;6;16;9;16;6;15;26;97;48;81;171;125;128;101;109;82;27;18;19;17;61;24;12;3;0;6;6;32;66;15;123;763;127;121;21
202012;06010205;06;01;02;05;2;1718;833;885;21;9;12;30;13;9;9;9;15;6;6;28;26;105;57;152;258;153;180;137;148;104;54;38;18;34;28;28;21;6;4;0;21;64;54;28;131;1085;196;108;31
202012;06010206;06;01;02;06;2;1227;608;619;0;9;9;6;4;4;9;21;4;18;7;28;32;61;54;52;156;132;108;100;87;67;28;22;18;39;62;45;29;10;6;0;0;28;63;28;93;689;117;164;45
202012;06010207;06;01;02;07;2;1478;732;746;6;12;12;22;0;9;23;16;3;23;3;21;34;64;68;109;185;176;130;116;107;85;51;40;40;30;40;17;18;12;6;0;6;46;77;21;98;891;176;127;36
202012;06010208;06;01;02;08;2;1120;547;573;3;7;6;10;14;0;3;13;12;4;3;6;15;57;38;74;155;136;97;79;82;75;43;19;15;23;59;38;15;16;3;0;3;37;35;6;72;661;137;135;34
202012;06010209;06;01;02;09;2;1797;843;954;3;14;17;27;12;12;9;25;22;12;6;22;22;73;84;128;255;201;181;146;119;104;62;31;30;36;63;56;9;13;0;3;3;70;86;22;95;1114;197;185;25
202012;06010210;06;01;02;10;2;759;379;380;4;10;0;12;9;6;0;16;9;9;3;6;6;42;16;43;82;72;60;73;84;57;22;12;18;21;31;17;19;0;0;0;4;31;43;6;48;430;91;87;19
202012;06020301;06;02;03;01;2;566;275;291;3;6;3;3;3;3;6;7;9;6;0;16;10;28;28;37;78;47;43;58;43;33;13;6;12;15;15;10;10;9;6;0;3;15;31;16;38;334;52;52;25
202012;06020302;06;02;03;02;2;1138;647;491;6;15;6;16;3;10;14;13;17;9;10;25;31;94;58;71;138;125;131;72;53;58;34;15;9;31;36;13;19;3;0;3;6;40;73;25;125;648;107;89;25
202012;06020303;06;02;03;03;2;1257;651;606;6;9;3;18;10;9;3;19;12;12;3;12;12;51;65;88;195;141;113;137;69;82;50;18;18;23;30;34;6;6;3;0;6;40;58;12;63;808;150;105;15
202012;06020304;06;02;03;04;2;1116;562;554;10;3;3;14;3;6;6;10;9;9;8;16;36;69;34;65;156;136;104;113;93;56;28;26;12;13;50;18;7;3;0;0;10;23;48;16;105;701;110;93;10
202012;06020305;06;02;03;05;2;2178;1121;1057;3;10;13;33;9;15;12;17;41;26;15;25;60;225;117;206;224;218;218;167;134;86;30;45;20;49;67;27;45;15;3;3;3;65;126;25;285;1284;161;163;66
202012;06020306;06;02;03;06;2;577;296;281;0;3;10;3;0;0;6;3;3;3;3;6;17;18;37;34;68;52;51;53;45;46;35;3;13;13;9;28;12;3;0;0;0;16;18;6;35;340;84;63;15
202012;06020407;06;02;04;07;2;1223;623;600;4;3;11;6;7;13;10;9;18;13;9;16;14;65;53;107;173;130;134;92;71;89;13;28;19;28;34;36;6;12;0;0;4;27;72;16;79;760;130;117;18
202012;06020408;06;02;04;08;2;1109;587;522;6;9;12;22;9;9;3;23;18;12;9;45;32;82;31;91;118;114;107;86;79;50;43;23;10;15;9;15;18;6;3;0;6;52;74;45;114;626;116;49;27
202012;06020409;06;02;04;09;2;1226;627;599;6;19;13;24;3;6;13;22;17;19;10;29;28;80;40;67;138;130;114;90;88;72;27;20;25;22;43;20;25;10;3;3;6;59;87;29;108;667;119;110;41
202012;06020410;06;02;04;10;2;899;478;421;13;9;6;13;12;4;6;10;15;15;0;9;43;85;38;61;105;70;71;59;64;34;39;19;6;22;41;18;6;3;3;0;13;40;50;9;128;468;92;87;12
202012;06020411;06;02;04;11;2;1126;521;605;0;6;6;35;22;6;3;30;23;29;10;29;38;61;35;55;96;134;96;107;78;61;34;9;19;24;30;14;24;6;3;3;0;69;101;29;99;601;104;87;36
202012;06030501;06;03;05;01;2;820;478;342;3;0;6;10;6;6;0;15;22;7;8;16;35;74;59;65;68;71;76;67;63;44;15;12;6;16;15;16;10;6;0;3;3;22;58;16;109;469;71;53;19
202012;06030502;06;03;05;02;2;752;380;372;9;9;6;16;3;3;9;12;12;31;13;24;29;34;21;49;76;83;59;72;50;31;18;15;13;21;12;6;6;10;0;0;9;34;80;24;63;410;64;52;16
202012;06030503;06;03;05;03;2;1791;867;924;10;8;16;29;16;13;19;23;22;26;12;38;18;89;71;95;206;165;180;170;126;100;66;34;42;41;65;45;28;12;0;6;10;69;115;38;107;1013;200;193;46
202012;06030504;06;03;05;04;2;1218;567;651;0;6;6;9;3;15;3;16;25;17;10;22;31;58;35;45;107;116;116;104;105;90;56;18;24;21;68;48;31;10;3;0;0;24;86;22;89;628;164;161;44
202012;06030605;06;03;06;05;2;1079;542;537;3;6;3;9;0;6;4;10;13;7;0;6;31;51;42;96;118;123;115;100;91;78;33;13;9;39;38;12;9;7;7;0;3;18;40;6;82;685;124;98;23
202012;06030606;06;03;06;06;2;1398;772;626;22;25;21;25;23;13;16;36;36;40;17;34;48;78;72;109;146;118;111;99;58;66;44;15;6;21;40;21;20;12;6;0;22;94;158;34;126;713;125;88;38
202012;06030607;06;03;06;07;2;874;475;399;0;6;0;12;6;0;3;6;0;10;0;7;42;181;102;130;90;73;59;31;26;25;16;12;3;7;12;6;3;6;0;0;0;24;19;7;223;511;53;28;9
202012;06030608;06;03;06;08;2;1844;987;857;6;13;18;27;15;19;14;42;33;27;22;44;56;147;61;113;175;201;177;188;107;98;31;26;21;33;54;32;21;17;6;0;6;73;157;44;203;1022;155;140;44
202012;06030609;06;03;06;09;2;1657;815;842;6;11;6;23;13;9;15;28;25;25;4;17;37;95;62;121;211;176;132;138;126;109;70;15;37;23;59;43;12;6;0;3;6;53;106;17;132;966;194;162;21
202012;06030610;06;03;06;10;2;1094;525;569;7;9;22;3;9;3;6;11;18;15;18;25;18;60;40;56;118;125;72;87;74;80;33;13;27;34;41;19;36;9;3;3;7;43;71;25;78;572;126;121;51
202012;06040701;06;04;07;01;2;1238;630;608;9;3;0;14;6;7;13;22;16;16;7;14;39;62;44;74;103;106;120;97;114;91;32;12;21;47;63;49;25;6;3;3;9;23;81;14;101;658;135;180;37
202012;06040702;06;04;07;02;2;451;203;248;3;0;3;10;0;6;0;13;6;0;0;14;6;21;9;12;21;44;48;37;53;34;22;10;9;15;20;16;13;3;3;0;3;13;25;14;27;224;66;60;19
202012;06040703;06;04;07;03;2;2551;1389;1162;9;3;13;22;10;9;15;24;21;13;4;25;138;410;281;327;327;176;150;139;97;93;31;32;24;28;55;39;20;16;0;0;9;48;86;25;548;1497;156;146;36
202012;06040804;06;04;08;04;2;678;295;383;7;3;3;3;9;3;3;3;3;3;3;9;21;33;24;31;48;54;40;54;64;59;46;20;16;12;40;29;23;6;3;3;7;18;18;9;54;315;125;97;35
202012;06040805;06;04;08;05;2;595;296;299;0;8;6;12;3;0;0;9;9;12;3;12;9;24;18;32;48;70;55;51;53;32;16;7;12;24;33;25;6;6;0;0;0;29;33;12;33;327;55;94;12
202012;06040806;06;04;08;06;2;599;257;342;0;3;4;0;3;7;7;4;0;6;0;10;9;34;25;34;81;38;64;40;52;40;13;21;22;15;31;9;13;10;4;0;0;10;24;10;43;334;74;77;27
202012;06040807;06;04;08;07;2;738;345;393;3;0;3;15;0;3;6;16;9;6;12;6;10;21;26;37;88;69;58;79;64;56;22;13;15;16;36;22;15;9;3;0;3;18;52;6;31;421;91;89;27
202012;06040808;06;04;08;08;2;697;308;389;5;0;3;6;12;6;3;18;7;7;4;16;14;43;18;16;54;58;81;97;65;46;27;16;7;16;31;6;12;3;0;0;5;21;45;16;57;389;89;60;15
202012;06040809;06;04;08;09;2;896;435;461;3;0;6;6;3;3;3;3;9;6;9;6;28;59;21;48;86;97;53;64;81;68;33;13;21;37;49;32;31;15;3;0;3;15;33;6;87;450;114;139;49
202012;06040810;06;04;08;10;2;1250;593;657;0;11;0;19;9;6;7;19;18;19;6;34;40;63;47;73;134;144;87;101;108;64;48;25;18;37;38;38;12;13;3;9;0;39;75;34;103;694;137;131;37
202012;07010101;07;01;01;01;1;2797;1515;1282;6;19;9;22;12;17;9;19;35;12;6;29;41;181;114;198;318;258;278;210;216;203;114;74;65;74;113;79;38;25;3;0;6;62;98;29;222;1592;391;331;66
202012;07010102;07;01;01;02;1;5720;3053;2667;22;36;31;79;42;29;36;80;58;56;29;71;116;328;268;423;665;550;444;489;441;373;191;125;96;112;213;131;112;46;19;9;22;188;288;71;444;3280;689;552;186
202012;07010103;07;01;01;03;1;2479;1309;1170;7;6;9;24;6;6;8;22;17;10;13;29;35;145;116;229;338;245;231;212;160;162;73;52;60;63;91;54;38;15;3;0;7;45;76;29;180;1531;287;268;56
202012;07010104;07;01;01;04;1;4421;2293;2128;13;19;15;44;14;11;13;39;18;46;13;45;65;210;164;290;543;431;339;425;352;304;124;109;94;103;219;171;101;48;28;11;13;92;140;45;275;2544;537;587;188
202012;07020201;07;02;02;01;1;2086;1085;1001;6;9;9;13;13;8;13;18;16;3;11;17;34;104;80;171;270;221;178;172;177;134;64;25;37;46;112;61;30;22;6;6;6;44;69;17;138;1269;223;256;64
202012;07020202;07;02;02;02;1;2871;1550;1321;23;12;20;47;9;19;12;36;40;25;13;48;42;174;153;268;404;334;300;211;205;126;66;43;30;36;63;57;24;18;10;3;23;88;145;48;216;1875;235;186;55
202012;07020203;07;02;02;03;1;4561;2374;2187;16;10;9;34;16;12;12;38;32;30;9;35;76;242;213;346;674;514;406;375;358;278;145;79;74;122;156;132;78;24;13;3;16;69;133;35;318;2886;502;484;118
202012;07020204;07;02;02;04;1;2872;1480;1392;3;9;21;17;9;18;15;9;25;11;6;22;65;184;159;287;471;350;265;204;166;152;73;48;50;55;72;55;35;10;3;3;3;56;84;22;249;1902;273;232;51
202012;07030301;07;03;03;01;1;3806;1817;1989;18;15;27;27;16;20;25;38;35;34;15;49;91;267;203;335;494;363;364;340;259;235;93;72;59;64;118;61;38;12;13;6;18;85;167;49;358;2358;400;302;69
202012;07030302;07;03;03;02;1;1588;765;823;10;9;6;9;9;3;6;15;12;9;9;17;38;92;63;137;223;188;133;117;110;86;49;28;30;41;57;36;43;3;0;0;10;33;54;17;130;971;163;164;46
202012;07030303;07;03;03;03;1;2829;1473;1356;15;18;9;28;13;16;6;25;35;19;9;53;39;156;108;192;321;295;250;252;229;193;91;48;45;70;128;80;44;19;13;10;15;68;110;53;195;1647;332;323;86
202012;07040401;07;04;04;01;2;3229;1588;1641;7;6;12;39;23;6;12;33;27;18;16;24;34;143;116;205;414;376;292;303;290;214;96;61;62;70;147;69;68;28;9;9;7;80;112;24;177;1996;371;348;114
202012;07040402;07;04;04;02;2;221;119;102;0;0;3;3;0;0;0;0;0;4;0;0;3;7;3;13;32;24;25;18;22;13;12;0;9;12;9;3;3;3;0;0;0;6;4;0;10;137;25;33;6
202012;07040403;07;04;04;03;2;5375;2852;2523;32;44;36;82;28;38;38;57;55;68;25;81;127;367;241;438;750;599;513;415;345;271;107;93;73;72;152;110;75;21;13;9;32;190;281;81;494;3301;471;407;118
202012;07040404;07;04;04;04;2;685;356;329;3;3;7;3;0;3;4;7;3;0;6;15;16;50;35;55;76;59;50;69;47;42;18;14;14;15;27;15;7;16;3;3;3;13;23;15;66;391;74;71;29
202012;07040405;07;04;04;05;2;2927;1598;1329;18;22;18;38;22;27;30;41;49;46;26;51;80;191;116;226;406;313;240;238;184;170;78;29;39;46;79;27;43;24;7;3;18;100;219;51;271;1723;277;191;77
202012;07040406;07;04;04;06;2;1433;794;639;18;10;9;23;16;9;17;16;25;14;6;10;24;70;53;162;248;167;116;100;105;76;32;15;24;6;34;19;9;0;0;0;18;58;87;10;94;951;123;83;9
202012;07050501;07;05;05;01;2;3728;1921;1807;13;38;32;50;22;18;19;42;64;41;32;55;82;187;158;335;477;402;312;328;239;211;114;62;53;67;125;66;45;22;10;7;13;142;216;55;269;2251;387;311;84
202012;07050502;07;05;05;02;2;1899;1005;894;17;19;12;37;21;11;14;37;30;21;18;49;43;123;87;125;258;174;188;148;145;97;50;37;19;21;48;26;3;12;9;0;17;89;131;49;166;1125;184;114;24
202012;07050503;07;05;05;03;2;1466;754;712;3;6;7;17;6;9;4;9;16;9;12;22;23;68;63;101;181;160;124;151;102;88;34;27;28;48;65;45;22;10;3;3;3;36;59;22;91;882;149;186;38
202012;07050504;07;05;05;04;2;886;449;437;10;5;6;15;6;6;3;15;14;13;3;6;20;58;33;54;102;74;75;97;77;65;35;15;21;3;34;12;6;0;3;0;10;32;54;6;78;512;115;70;9
202012;07050505;07;05;05;05;2;1478;742;736;0;9;7;29;16;9;20;22;25;19;10;22;31;100;46;88;178;152;133;145;107;84;23;26;16;31;47;33;32;9;3;6;0;61;105;22;131;849;133;127;50
202012;07050506;07;05;05;06;2;220;115;105;0;0;0;0;0;0;0;0;0;0;0;0;13;6;0;15;22;34;19;29;26;16;0;8;10;6;3;7;3;0;3;0;0;0;0;0;19;145;24;26;6
202012;07060601;07;06;06;01;2;2430;1313;1117;22;29;32;63;40;31;33;84;72;81;42;109;99;127;81;149;219;250;214;155;153;97;40;31;24;29;54;25;24;12;3;6;22;164;343;109;226;1221;168;132;45
202012;07060602;07;06;06;02;2;538;275;263;4;6;3;13;3;3;0;6;14;6;0;9;10;19;7;43;82;45;45;67;28;31;13;18;0;16;16;13;15;0;3;0;4;25;29;9;29;317;62;45;18
202012;07060603;07;06;06;03;2;511;257;254;0;12;3;9;7;7;3;12;13;14;6;20;14;33;16;24;31;36;60;57;29;30;9;6;7;10;19;15;6;3;0;0;0;31;55;20;47;253;45;51;9
202012;07060604;07;06;06;04;2;2353;1173;1180;12;24;25;51;20;24;15;33;50;28;9;48;61;157;75;131;277;252;249;215;164;133;69;26;33;35;56;36;25;14;3;3;12;120;159;48;218;1363;228;160;45
202012;07070701;07;07;07;01;2;1100;562;538;6;3;17;21;3;3;3;3;17;6;6;18;39;98;46;56;105;122;147;103;74;59;20;3;19;33;38;17;9;6;0;0;6;44;38;18;137;653;82;107;15
202012;07070702;07;07;07;02;2;996;502;494;10;12;6;18;10;6;3;16;22;12;3;18;22;37;46;62;113;57;109;100;69;70;27;19;23;24;36;19;12;9;6;0;10;46;62;18;59;556;116;102;27
202012;07070703;07;07;07;03;2;1244;605;639;6;16;12;28;17;13;13;36;31;34;6;19;24;60;39;67;112;161;95;109;96;56;43;18;12;23;40;29;23;3;3;0;6;73;133;19;84;679;117;104;29
202012;07070704;07;07;07;04;2;1939;994;945;14;31;30;60;34;24;40;63;61;73;36;103;95;102;60;93;132;182;176;144;133;79;44;14;22;23;34;18;15;4;0;0;14;155;297;103;197;920;137;97;19
202012;07070705;07;07;07;05;2;612;302;310;0;3;10;6;0;5;6;0;10;7;3;17;16;29;13;27;78;58;60;54;57;53;13;18;10;12;25;3;12;0;3;4;0;19;31;17;45;347;84;50;19
202012;07070706;07;07;07;06;2;498;288;210;7;7;12;22;3;9;7;11;12;14;3;12;9;32;39;32;62;46;39;27;27;25;12;0;3;0;13;7;0;3;3;0;7;44;56;12;41;272;37;23;6
202012;07070707;07;07;07;07;2;278;119;159;6;12;0;12;0;3;3;6;0;10;0;8;0;20;6;12;23;27;19;21;25;25;14;3;0;3;3;3;3;11;0;0;6;24;22;8;20;133;42;9;14
202012;08010115;08;01;01;15;1;320;190;130;0;0;0;3;0;0;7;0;10;4;0;0;0;15;21;42;71;47;21;6;16;12;9;0;7;12;7;3;7;0;0;0;0;3;21;0;15;224;21;29;7
202012;08010116;08;01;01;16;1;1386;750;636;7;4;6;12;6;6;3;6;10;6;3;10;9;61;66;117;230;165;146;119;106;90;36;19;16;24;40;18;30;12;3;0;7;28;34;10;70;949;145;98;45
202012;08010117;08;01;01;17;1;5394;2886;2508;25;31;9;49;18;10;12;42;42;26;12;51;87;252;246;445;1063;826;566;381;318;235;111;75;58;85;160;87;57;12;0;3;25;107;144;51;339;3845;421;390;72
202012;08010118;08;01;01;18;1;4550;2411;2139;17;26;31;49;36;25;26;44;41;45;39;67;82;214;233;410;767;556;434;364;289;266;93;59;46;60;91;69;43;16;12;0;17;142;220;67;296;3053;418;266;71
202012;08010211;08;01;02;11;1;3704;1958;1746;7;12;12;24;13;19;13;29;30;20;10;30;37;163;178;342;650;515;336;270;243;250;80;75;54;48;84;73;63;15;9;0;7;61;121;30;200;2534;405;259;87
202012;08010212;08;01;02;12;1;2548;1297;1251;6;7;3;44;15;6;6;22;19;36;18;42;67;92;69;140;317;291;252;260;205;165;80;52;42;63;84;82;47;16;0;0;6;69;107;42;159;1534;297;271;63
202012;08010213;08;01;02;13;1;4328;2285;2043;25;10;20;57;21;28;31;50;34;32;12;50;88;223;196;399;680;545;444;352;297;225;92;55;42;59;115;76;39;18;10;3;25;108;187;50;311;2913;372;292;70
202012;08010214;08;01;02;14;1;3461;1816;1645;21;32;32;36;20;27;30;53;48;30;26;75;81;236;167;273;518;350;314;265;233;206;88;53;34;39;84;43;25;12;10;0;21;120;214;75;317;2120;347;200;47
202012;08010301;08;01;03;01;1;8617;4448;4169;43;29;27;49;26;32;22;51;34;35;18;49;73;350;350;797;1614;1350;1027;651;524;441;173;98;88;136;240;156;99;31;4;0;43;131;192;49;423;6313;712;620;134
202012;08010302;08;01;03;02;1;858;417;441;0;0;4;13;3;0;0;3;9;9;0;10;9;17;41;83;122;101;111;87;54;41;25;18;18;22;28;6;15;9;0;0;0;20;21;10;26;599;84;74;24
202012;08010303;08;01;03;03;1;3348;1762;1586;15;9;17;31;20;12;19;37;34;21;13;34;54;152;158;297;605;453;327;257;210;150;72;53;40;54;88;64;39;7;0;6;15;77;136;34;206;2307;275;246;52
202012;08010404;08;01;04;04;1;7936;4250;3686;25;38;43;84;30;47;34;83;76;64;32;114;132;378;344;755;1396;1050;731;592;457;433;186;97;103;130;223;142;77;31;9;0;25;195;336;114;510;5325;716;598;117
202012;08010405;08;01;04;05;1;2715;1417;1298;13;12;6;15;15;3;9;36;23;32;12;27;46;139;106;254;539;381;259;227;157;130;56;44;40;35;41;15;25;9;6;3;13;48;115;27;185;1923;230;131;43
202012;08010406;08;01;04;06;1;2857;1522;1335;24;28;38;80;41;40;35;66;53;57;18;71;72;118;125;253;410;349;267;215;142;121;62;30;15;33;30;37;18;9;0;0;24;187;269;71;190;1761;213;115;27
202012;08010407;08;01;04;07;1;217;115;102;0;0;0;3;0;0;0;0;0;3;0;0;3;10;15;21;50;32;16;18;15;10;0;6;3;0;0;6;3;3;0;0;0;3;3;0;13;167;16;9;6
202012;08010508;08;01;05;08;1;2128;1156;972;17;12;6;39;6;17;12;21;25;33;15;35;36;168;78;196;258;212;167;183;177;148;64;32;26;32;49;34;27;0;0;3;17;63;123;35;204;1271;244;141;30
202012;08010509;08;01;05;09;1;2631;1364;1267;7;9;20;28;13;14;20;43;34;40;15;31;64;111;75;129;290;292;266;283;253;209;74;28;33;65;71;60;33;21;0;0;7;70;166;31;175;1588;311;229;54
202012;08010510;08;01;05;10;1;221;133;88;0;3;0;3;0;3;3;0;3;0;0;6;6;19;21;16;28;26;22;21;16;22;0;0;0;0;0;0;3;0;0;0;0;6;9;6;25;150;22;0;3
202012;08020619;08;02;06;19;2;3973;2287;1686;26;40;36;76;40;40;36;78;81;58;32;90;98;280;183;337;538;410;366;284;287;199;95;35;23;38;68;55;32;6;6;0;26;192;325;90;378;2405;329;184;44
202012;08020620;08;02;06;20;2;2178;1146;1032;18;15;13;26;10;21;6;24;19;27;9;35;49;131;89;179;299;238;215;194;152;126;62;24;37;37;69;32;13;9;0;0;18;64;106;35;180;1366;212;175;22
202012;08020621;08;02;06;21;2;197;94;103;0;0;0;3;0;0;0;0;3;3;0;0;3;12;0;9;13;19;12;18;21;29;6;15;6;6;6;6;0;7;0;0;0;3;6;0;15;92;50;24;7
202012;08020622;08;02;06;22;2;1949;988;961;16;9;12;9;16;12;16;16;17;6;9;22;27;94;70;156;293;200;190;169;143;108;70;36;31;29;87;43;27;9;7;0;16;46;76;22;121;1221;214;190;43
202012;08020623;08;02;06;23;2;184;79;105;0;3;0;3;0;0;0;3;0;3;0;3;3;6;0;14;28;6;17;19;15;21;9;6;6;6;6;0;4;3;0;0;0;6;6;3;9;99;36;18;7
202012;08020624;08;02;06;24;2;184;90;94;3;0;0;0;0;0;3;3;3;0;0;0;3;20;13;9;10;18;13;15;27;15;0;0;6;3;13;7;0;0;0;0;3;0;9;0;23;105;15;29;0
202012;08020625;08;02;06;25;2;535;312;223;0;0;0;6;7;4;3;0;0;9;3;6;10;28;29;48;46;50;46;45;57;40;15;15;6;9;26;15;6;3;0;3;0;13;19;6;38;321;70;56;12
202012;08020726;08;02;07;26;2;1000;486;514;9;15;7;21;10;3;6;6;12;12;3;19;21;64;40;59;105;98;75;87;86;75;23;21;19;24;25;31;21;3;0;0;9;53;42;19;85;550;119;99;24
202012;08020727;08;02;07;27;2;1544;781;763;7;9;12;39;9;9;10;26;28;28;12;29;47;76;56;79;170;176;175;132;150;88;48;12;15;20;27;26;26;3;0;0;7;69;113;29;123;938;148;88;29
202012;08020728;08;02;07;28;2;2019;1121;898;9;13;17;49;12;22;13;32;24;21;22;47;50;154;102;157;266;213;182;170;146;103;50;20;24;21;37;18;15;4;6;0;9;91;134;47;204;1236;173;100;25
202012;08030829;08;03;08;29;2;2686;1353;1333;18;15;21;29;19;15;15;47;27;22;12;39;71;120;87;175;291;265;255;245;239;208;86;65;44;63;66;65;44;18;0;0;18;84;138;39;191;1557;359;238;62
202012;08030830;08;03;08;30;2;1286;645;641;4;11;3;18;7;6;6;10;12;10;3;9;24;61;43;88;133;125;128;110;125;98;62;37;27;26;41;27;17;12;3;0;4;39;47;9;85;752;197;121;32
202012;08030831;08;03;08;31;2;3955;1969;1986;25;22;35;59;14;22;23;45;49;59;39;75;56;197;113;243;432;403;393;395;318;299;122;75;55;81;128;81;57;31;6;3;25;130;237;75;253;2297;496;345;97
202012;08040932;08;04;09;32;2;383;172;211;3;3;3;6;3;6;3;13;3;9;3;4;9;21;6;19;40;53;51;40;26;16;10;10;9;5;3;3;3;0;0;0;3;15;37;4;30;235;36;20;3
202012;08040933;08;04;09;33;2;598;300;298;7;3;3;12;3;3;3;3;3;3;0;9;10;24;29;27;78;55;57;52;65;43;20;9;3;9;28;18;13;3;0;3;7;21;15;9;34;363;72;58;19
202012;08040934;08;04;09;34;2;406;192;214;0;0;3;3;0;0;3;6;6;15;3;25;10;31;7;35;25;49;19;49;31;31;15;6;3;3;6;6;13;3;0;0;0;6;33;25;41;215;52;18;16
202012;08041035;08;04;10;35;2;1290;679;611;6;11;9;24;9;6;6;18;21;12;12;16;39;83;46;72;126;126;119;146;108;69;19;24;24;37;34;33;25;10;0;0;6;53;75;16;122;743;112;128;35
202012;08041036;08;04;10;36;2;719;372;347;3;6;6;0;6;0;7;10;6;12;7;16;16;48;32;28;56;80;74;68;60;48;23;9;9;15;24;19;22;9;0;0;3;18;42;16;64;398;80;67;31
202012;08041037;08;04;10;37;2;1427;775;652;12;15;22;22;3;16;10;22;21;28;6;38;35;93;59;102;173;127;122;106;97;84;50;13;22;33;42;35;0;16;3;0;12;62;103;38;128;786;147;132;19
202012;08041038;08;04;10;38;2;583;298;285;0;7;0;0;0;0;6;6;0;4;0;9;16;39;17;27;55;56;50;68;70;40;15;9;3;15;21;22;18;3;7;0;0;7;16;9;55;343;64;61;28
202012;08041039;08;04;10;39;2;405;175;230;4;0;3;9;4;9;0;6;3;9;10;6;7;9;9;27;41;40;44;35;42;25;9;10;4;3;16;6;12;0;3;0;4;16;37;6;16;238;44;29;15
202012;08041040;08;04;10;40;2;884;447;437;3;15;3;16;6;3;3;16;17;17;12;15;12;41;28;57;78;73;102;98;62;68;25;7;15;28;35;9;7;10;3;0;3;40;68;15;53;498;100;87;20
202012;09010101;09;01;01;01;2;2598;1331;1267;18;9;18;31;7;21;6;21;21;10;9;31;40;118;112;252;544;467;271;204;166;84;43;14;16;19;22;21;0;3;0;0;18;65;88;31;158;2016;141;78;3
202012;09010102;09;01;01;02;2;9;9;0;0;0;0;0;0;0;0;0;0;0;0;0;0;0;0;3;0;3;3;0;0;0;0;0;0;0;0;0;0;0;0;0;0;0;0;0;0;9;0;0;0
202012;09010201;09;01;02;01;2;463;239;224;6;0;4;0;3;3;0;3;3;6;4;0;10;30;22;37;83;67;75;39;24;22;9;0;0;10;0;0;0;3;0;0;6;7;19;0;40;347;31;10;3
202012;09010202;09;01;02;02;2;891;488;403;9;17;6;21;7;3;10;15;3;6;0;3;13;74;67;135;165;107;65;66;28;36;9;3;7;0;13;0;3;0;0;0;9;51;37;3;87;633;48;20;3
202012;09010301;09;01;03;01;2;1707;919;788;21;7;9;21;18;3;6;9;14;9;6;12;26;125;120;207;381;212;152;96;107;49;23;21;11;15;9;9;6;3;0;0;21;55;47;12;151;1275;93;44;9
202012;09010302;09;01;03;02;2;533;286;247;6;10;13;20;12;14;11;18;17;20;12;36;19;12;12;22;44;50;41;36;39;25;3;6;3;6;7;13;3;3;0;0;6;55;92;36;31;244;34;29;6
202012;09010401;09;01;04;01;2;635;334;301;6;18;13;18;11;3;3;10;9;4;3;7;19;49;43;69;122;93;38;30;18;24;3;3;7;3;3;3;3;0;0;0;6;60;32;7;68;413;30;16;3
202012;09010402;09;01;04;02;2;1010;507;503;6;18;6;28;7;13;10;12;18;11;3;18;21;62;62;103;145;109;99;79;64;35;22;13;6;9;13;3;12;3;0;0;6;59;67;18;83;661;70;31;15
202012;09020501;09;02;05;01;2;1849;1045;804;28;20;18;49;20;18;22;28;33;40;10;37;69;180;103;220;349;186;110;131;75;61;18;6;3;12;3;0;0;0;0;0;28;107;151;37;249;1174;85;18;0
202012;09020502;09;02;05;02;2;2672;1389;1283;43;45;51;71;42;36;26;50;38;39;30;58;99;256;170;243;422;285;198;149;109;95;25;27;10;9;27;6;6;4;3;0;43;209;219;58;355;1576;147;52;13
202012;09020601;09;02;06;01;2;2301;1299;1002;34;34;34;57;30;12;19;32;44;50;22;47;79;222;157;288;386;274;164;119;76;55;19;6;17;18;0;6;0;0;0;0;34;155;179;47;301;1464;80;41;0
202012;09020602;09;02;06;02;2;195;101;94;0;0;9;6;0;0;0;3;6;6;0;9;6;12;6;29;23;19;19;12;10;8;3;0;3;0;3;0;3;0;0;0;0;15;15;9;18;118;11;6;3
202012;09020701;09;02;07;01;2;965;522;443;6;10;3;21;8;12;10;12;6;4;0;9;34;196;98;141;152;109;52;27;13;20;3;3;6;0;6;4;0;0;0;0;6;42;44;9;230;592;26;16;0
202012;09020702;09;02;07;02;2;2474;1332;1142;32;47;36;79;31;22;27;42;52;46;20;58;73;216;161;251;386;270;210;146;96;81;38;10;13;9;6;6;3;7;0;0;32;193;209;58;289;1520;129;34;10
202012;09020801;09;02;08;01;2;231;124;107;3;0;7;3;6;3;3;3;0;0;0;3;3;16;12;21;47;36;12;14;18;6;3;3;3;3;3;0;0;0;0;0;3;16;9;3;19;160;12;9;0
202012;09020802;09;02;08;02;2;1343;717;626;24;33;22;55;25;28;16;35;31;29;9;27;41;81;48;121;189;159;115;78;66;51;18;12;6;10;14;0;0;0;0;0;24;135;148;27;122;776;81;30;0
202012;09030901;09;03;09;01;2;1081;551;530;16;14;0;27;12;16;7;21;22;19;9;28;10;58;44;96;137;142;100;118;86;35;9;6;6;6;12;19;6;0;0;0;16;53;94;28;68;723;50;43;6
202012;09030902;09;03;09;02;2;650;336;314;6;10;18;20;16;10;16;9;15;19;9;35;21;36;36;41;65;52;52;46;34;27;14;15;3;7;15;0;0;3;0;0;6;64;78;35;57;326;56;25;3
202012;09030903;09;03;09;03;2;791;404;387;13;15;9;25;12;13;22;27;18;15;9;21;31;62;42;51;84;101;53;56;36;30;13;3;6;3;15;3;3;0;0;0;13;61;104;21;93;423;46;27;3
202012;09031001;09;03;10;01;2;1079;621;458;10;14;16;22;10;6;6;12;23;22;14;28;50;79;63;86;124;108;126;76;66;55;29;0;6;6;6;9;7;0;0;0;10;62;83;28;129;649;84;27;7
202012;09031101;09;03;11;01;2;666;329;337;9;6;16;16;3;9;7;8;18;19;6;12;21;57;27;46;116;86;58;54;27;6;18;3;6;3;0;6;3;0;0;0;9;41;67;12;78;414;27;15;3
202012;09031201;09;03;12;01;2;75;33;42;0;0;0;0;0;0;0;0;6;3;0;0;0;6;3;3;6;9;0;15;6;3;0;3;0;3;6;3;0;0;0;0;0;0;9;0;6;42;6;12;0
202012;09031202;09;03;12;02;2;140;65;75;3;0;3;0;3;3;0;0;0;4;0;0;3;0;9;0;20;24;21;6;10;3;3;9;3;3;7;0;3;0;0;0;3;6;7;0;3;90;15;13;3
202012;09041301;09;04;13;01;2;364;196;168;3;7;0;9;4;3;3;7;6;3;6;4;13;13;15;26;43;45;31;41;35;4;13;3;6;6;9;6;0;0;0;0;3;20;28;4;26;236;20;27;0
202012;09041302;09;04;13;02;2;101;46;55;0;0;4;0;0;3;6;0;0;3;4;3;0;4;6;7;17;6;6;9;3;10;0;3;0;7;0;0;0;0;0;0;0;4;16;3;4;54;13;7;0
202012;09041401;09;04;14;01;2;220;112;108;3;3;3;6;3;6;10;3;3;6;0;10;6;9;12;13;37;12;16;21;20;9;0;0;3;3;3;0;0;0;0;0;3;15;28;10;15;131;9;9;0
202012;09041402;09;04;14;02;2;140;62;78;0;3;7;13;0;4;6;7;6;3;0;8;0;3;0;12;21;9;20;9;6;3;0;0;0;0;0;0;0;0;0;0;0;23;26;8;3;77;3;0;0
202012;09041403;09;04;14;03;2;402;246;156;0;3;12;6;3;3;3;10;9;12;0;19;19;35;27;24;50;55;50;12;13;12;4;4;0;4;0;10;0;3;0;0;0;24;37;19;54;231;20;14;3
202012;09041501;09;04;15;01;2;973;504;469;0;25;11;31;18;7;17;26;42;18;6;18;21;56;32;99;126;110;93;66;58;52;19;3;3;3;7;6;0;0;0;0;0;85;116;18;77;584;74;19;0
202012;09041601;09;04;16;01;2;263;143;120;0;0;0;4;3;0;0;3;3;12;0;3;9;9;4;9;37;40;28;28;21;25;9;3;3;0;4;0;6;0;0;0;0;7;18;3;18;167;37;7;6
202012;09051701;09;05;17;01;2;306;177;129;6;0;0;12;3;6;3;4;3;10;0;7;7;44;17;14;38;29;31;28;10;11;3;0;4;7;3;6;0;0;0;0;6;15;26;7;51;167;14;20;0
202012;09051702;09;05;17;02;2;638;350;288;0;6;12;12;0;3;7;7;3;6;6;28;15;31;38;61;80;88;64;62;30;34;3;9;6;9;8;6;4;0;0;0;0;30;32;28;46;423;46;29;4
202012;09051801;09;05;18;01;2;541;296;245;6;3;3;16;6;12;9;13;6;13;3;12;17;45;16;46;60;73;54;34;28;7;23;0;11;7;9;3;3;3;0;0;6;28;56;12;62;311;30;30;6
202012;09051901;09;05;19;01;2;1202;630;572;12;19;10;44;15;3;6;13;10;16;4;25;32;93;70;122;234;149;111;60;46;44;16;6;15;9;9;3;3;3;0;0;12;88;52;25;125;792;66;36;6
202012;09052001;09;05;20;01;2;718;369;349;9;6;9;12;3;9;7;19;9;12;3;18;10;34;51;64;124;74;74;64;41;28;7;9;3;3;7;6;0;0;3;0;9;30;59;18;44;492;44;19;3
202012;10010101;10;01;01;01;2;905;445;460;13;21;12;39;22;9;15;24;22;18;14;31;21;31;32;51;123;84;87;70;53;48;20;3;7;3;23;3;3;3;0;0;13;94;102;31;52;500;71;36;6
202012;10010102;10;01;01;02;2;2665;1376;1289;41;40;45;72;40;44;31;72;68;56;18;70;79;161;108;181;311;282;242;231;161;126;53;37;25;30;28;3;7;3;0;0;41;197;289;70;240;1516;216;86;10
202012;10010203;10;01;02;03;2;780;536;244;7;17;16;34;17;13;10;13;28;25;20;11;43;78;46;74;104;70;59;37;24;22;6;3;0;0;3;0;0;0;0;0;7;84;109;11;121;414;31;3;0
202012;10010204;10;01;02;04;2;1402;720;682;25;25;27;59;33;15;23;37;34;41;12;40;24;104;75;89;179;146;135;102;71;54;15;10;3;4;7;3;7;0;0;3;25;144;162;40;128;797;79;17;10
202012;10010205;10;01;02;05;2;863;471;392;14;11;0;22;9;13;17;33;30;16;9;28;42;54;39;76;107;81;54;70;57;39;3;15;3;0;12;0;3;3;3;0;14;42;118;28;96;484;57;15;9
202012;10010206;10;01;02;06;2;2598;1406;1192;39;43;48;87;41;44;19;66;42;55;16;83;89;184;129;194;340;303;216;175;164;74;53;29;16;15;25;0;0;3;3;3;39;219;242;83;273;1521;156;56;9
202012;10010207;10;01;02;07;2;1429;745;684;18;18;12;40;9;16;17;29;24;19;9;42;42;89;71;88;193;145;140;112;110;84;33;12;21;17;10;6;3;0;0;0;18;79;114;42;131;859;129;54;3
202012;10010308;10;01;03;08;2;382;240;142;3;0;3;3;0;4;0;6;3;3;3;15;12;38;25;29;41;34;42;43;21;26;13;0;6;0;3;3;3;0;0;0;3;6;19;15;50;235;39;12;3
202012;10010309;10;01;03;09;2;1953;1045;908;23;25;18;44;24;22;27;39;47;50;18;52;62;117;91;126;268;199;170;186;114;117;29;19;18;9;15;12;9;0;3;0;23;111;203;52;179;1154;165;54;12
202012;10010310;10;01;03;10;2;2360;1208;1152;36;41;31;78;21;26;23;43;57;37;21;49;72;186;127;206;302;257;207;156;153;106;33;28;29;13;13;6;0;3;0;0;36;171;207;49;258;1408;167;61;3
202012;10010311;10;01;03;11;2;183;83;100;0;0;3;0;0;7;3;7;3;3;0;13;9;0;0;12;12;28;15;21;16;6;7;6;3;3;6;0;0;0;0;0;0;3;23;13;9;104;19;12;0
202012;10020412;10;02;04;12;2;1378;662;716;25;24;17;57;35;21;24;44;43;40;12;45;41;85;28;93;167;156;126;112;74;38;24;3;6;16;13;0;6;3;0;0;25;133;184;45;126;756;65;35;9
202012;10020413;10;02;04;13;2;2844;1455;1389;48;59;68;147;59;53;51;105;82;62;28;97;79;204;140;222;361;291;225;142;137;83;36;12;26;3;9;6;6;3;0;0;48;333;381;97;283;1518;131;44;9
202012;10020414;10;02;04;14;2;485;260;225;12;0;7;13;16;3;7;18;13;4;3;15;21;36;18;27;97;52;37;39;16;16;3;3;3;3;0;3;0;0;0;0;12;36;48;15;57;286;22;9;0
202012;10020415;10;02;04;15;2;1975;1075;900;29;34;46;81;33;52;32;57;52;39;36;54;66;139;93;163;246;199;160;97;96;67;34;25;9;15;12;3;6;0;0;0;29;194;268;54;205;1054;126;39;6
202012;10020416;10;02;04;16;2;1303;724;579;18;24;15;44;9;9;21;22;28;31;6;36;34;90;77;100;171;131;119;112;71;61;19;21;9;12;13;0;0;0;0;0;18;92;117;36;124;781;101;34;0
202012;10020517;10;02;05;17;2;1227;633;594;23;36;25;49;22;16;18;34;38;32;15;33;44;93;73;119;159;103;78;84;47;34;16;9;6;6;6;3;3;0;3;0;23;132;153;33;137;663;59;21;6
202012;10020518;10;02;05;18;2;936;465;471;19;25;16;47;16;19;21;33;32;36;21;24;29;49;39;58;120;91;79;54;46;33;13;3;10;0;3;0;0;0;0;0;19;104;162;24;78;487;49;13;0
202012;10020519;10;02;05;19;2;1448;787;661;30;22;35;51;31;23;24;50;42;54;20;51;46;98;49;107;214;151;132;63;72;42;12;13;7;9;0;0;0;0;0;0;30;139;213;51;144;788;67;16;0
202012;10020620;10;02;06;20;2;392;212;180;0;3;3;14;10;6;6;16;3;4;4;6;10;27;22;25;75;55;28;34;13;9;0;4;6;6;3;0;0;0;0;0;0;30;39;6;37;252;13;15;0
202012;10020621;10;02;06;21;2;1006;488;518;15;22;28;42;25;20;6;27;12;29;4;35;42;54;56;92;140;94;83;65;43;38;3;10;3;9;3;3;3;0;0;0;15;117;98;35;96;573;51;18;3
202012;10020622;10;02;06;22;2;827;415;412;6;12;12;21;9;14;6;12;28;9;3;24;18;47;38;85;123;92;93;68;30;21;19;3;0;13;6;9;3;3;0;0;6;54;72;24;65;529;43;28;6
202012;10020623;10;02;06;23;2;433;204;229;12;17;0;9;3;0;3;10;12;3;6;3;12;35;13;22;44;57;31;31;30;30;22;6;3;3;7;6;0;3;0;0;12;29;34;3;47;228;58;19;3
202012;10030724;10;03;07;24;2;896;526;370;0;3;3;7;0;0;0;0;0;3;0;3;28;221;125;187;142;57;46;24;22;7;12;0;0;0;3;3;0;0;0;0;0;13;3;3;249;603;19;6;0
202012;10030725;10;03;07;25;2;986;500;486;13;20;31;26;13;12;10;40;18;12;12;39;38;66;42;58;127;68;88;83;58;46;25;13;6;3;0;3;9;7;0;0;13;90;104;39;104;524;84;12;16
202012;10030726;10;03;07;26;2;367;196;171;6;6;3;9;6;3;7;6;13;12;7;7;17;26;4;34;62;47;21;30;18;10;6;0;3;4;0;0;0;0;0;0;6;24;48;7;43;216;16;7;0
202012;10030727;10;03;07;27;2;500;265;235;6;3;0;6;0;9;4;7;3;4;9;3;17;39;22;43;65;66;56;36;36;33;12;3;0;3;9;6;0;0;0;0;6;9;36;3;56;324;48;18;0
202012;10040828;10;04;08;28;2;352;180;172;3;0;6;15;3;0;0;6;10;6;0;0;7;17;23;21;37;44;37;30;27;16;6;0;10;9;9;6;4;0;0;0;3;24;22;0;24;219;22;34;4
202012;10040829;10;04;08;29;2;257;157;100;7;0;3;0;3;0;3;4;3;0;3;10;3;27;6;27;42;37;19;19;21;11;0;0;3;6;0;0;0;0;0;0;7;6;13;10;30;171;11;9;0
202012;10040830;10;04;08;30;2;183;87;96;0;0;3;6;0;0;0;3;3;0;0;0;3;15;3;12;19;9;18;22;24;12;6;3;9;3;4;3;3;0;0;0;0;9;6;0;18;107;21;19;3
202012;10040931;10;04;09;31;2;363;187;176;3;6;3;0;3;0;0;0;9;3;3;6;25;34;13;32;31;50;37;21;24;22;14;9;0;0;6;6;0;3;0;0;3;12;15;6;59;208;45;12;3
202012;10040932;10;04;09;32;2;272;152;120;4;0;3;3;6;3;0;6;0;6;0;6;3;14;13;22;39;43;37;22;18;18;3;0;0;0;0;3;0;0;0;0;4;12;15;6;17;194;21;3;0
202012;10040933;10;04;09;33;2;499;265;234;3;0;3;11;4;3;6;12;13;6;0;4;13;41;25;27;75;63;53;55;30;20;9;4;0;3;16;0;0;0;0;0;3;18;40;4;54;328;33;19;0
202012;11010101;11;01;01;01;2;57;36;21;3;0;6;0;3;0;0;3;0;0;0;0;0;0;0;9;6;6;0;6;0;6;3;3;0;3;0;0;0;0;0;0;3;9;3;0;0;27;12;3;0
202012;11010102;11;01;01;02;2;88;57;31;0;0;0;0;0;0;0;0;0;0;0;0;0;6;3;15;9;9;15;10;12;6;3;0;0;0;0;0;0;0;0;0;0;0;0;0;6;73;9;0;0
202012;11010103;11;01;01;03;2;558;313;245;12;15;6;25;13;15;9;22;25;26;6;18;37;64;23;53;52;34;49;29;13;3;3;3;3;0;0;0;0;0;0;0;12;59;103;18;101;253;9;3;0
202012;11010204;11;01;02;04;2;1879;937;942;31;52;44;75;28;32;42;58;57;41;19;48;48;110;71;125;251;201;148;114;82;84;38;23;26;6;16;0;9;0;0;0;31;199;249;48;158;992;145;48;9
202012;11010205;11;01;02;05;2;1512;771;741;16;40;29;78;31;28;12;56;55;48;27;62;54;56;63;84;147;140;139;108;91;54;38;19;10;15;6;3;3;0;0;0;16;178;226;62;110;772;111;34;3
202012;11010206;11;01;02;06;2;1152;598;554;15;34;21;46;13;16;18;29;19;22;14;30;25;79;63;109;158;117;92;64;66;54;15;6;12;3;0;12;0;0;0;0;15;114;118;30;104;669;75;27;0
202012;11010207;11;01;02;07;2;1586;875;711;29;42;30;82;31;18;27;47;43;40;15;49;45;118;85;120;206;175;118;91;49;52;35;6;12;9;6;6;0;0;0;0;29;185;190;49;163;844;93;33;0
202012;11010308;11;01;03;08;2;2118;1059;1059;34;30;33;75;38;35;38;64;57;61;15;57;42;121;72;144;274;212;176;173;143;100;49;23;6;16;15;12;0;3;0;0;34;176;270;57;163;1194;172;49;3
202012;11010309;11;01;03;09;2;1725;895;830;16;38;40;65;21;28;30;48;50;37;15;42;55;96;63;121;203;176;135;109;127;90;37;22;15;20;9;6;4;7;0;0;16;164;208;42;151;934;149;50;11
202012;11010310;11;01;03;10;2;866;472;394;13;21;12;30;22;9;9;17;15;18;9;31;23;72;59;81;111;99;53;31;39;22;16;16;13;9;13;0;0;3;0;0;13;85;77;31;95;473;54;35;3
202012;11020411;11;02;04;11;2;2255;1147;1108;39;57;57;115;30;50;43;78;71;55;19;69;60;121;109;203;339;246;147;123;118;38;23;13;0;10;12;3;3;0;4;0;39;259;316;69;181;1285;74;25;7
202012;11020412;11;02;04;12;2;988;602;386;16;15;10;25;10;9;8;30;12;9;9;19;24;110;56;68;147;100;104;64;45;47;22;11;6;6;3;3;0;0;0;0;16;60;77;19;134;584;80;18;0
202012;11020513;11;02;05;13;2;612;314;298;6;15;15;25;9;21;15;34;28;41;6;36;24;29;19;44;78;65;31;23;12;3;16;7;3;0;0;0;0;0;7;0;6;64;145;36;53;272;26;3;7
202012;11020514;11;02;05;14;2;2027;1125;902;38;38;37;66;20;25;34;54;66;67;22;82;75;148;101;194;316;204;153;111;73;49;13;14;6;9;6;6;0;0;0;0;38;161;268;82;223;1152;76;27;0
202012;11020515;11;02;05;15;2;2780;1383;1397;31;50;49;80;46;43;41;76;40;48;28;85;87;182;93;230;382;305;236;222;143;140;56;22;21;19;16;6;3;0;0;0;31;225;276;85;269;1611;218;62;3
202012;11020516;11;02;05;16;2;429;209;220;4;6;6;15;8;3;4;6;12;12;3;6;6;29;27;35;70;37;37;24;24;27;10;3;3;3;6;3;0;0;0;0;4;35;40;6;35;254;40;15;0
202012;11030617;11;03;06;17;2;1317;658;659;6;12;7;24;16;15;24;34;27;21;9;37;48;79;73;113;198;150;102;131;70;42;33;13;6;9;9;0;3;3;3;0;6;59;130;37;127;837;88;24;9
202012;11030618;11;03;06;18;2;3136;1622;1514;40;27;32;41;30;22;20;32;38;28;20;45;152;366;241;385;498;342;212;178;111;130;45;9;16;25;22;9;6;7;4;3;40;130;160;45;518;1967;184;72;20
202012;11030619;11;03;06;19;2;2332;1225;1107;23;42;31;44;22;21;18;44;21;32;12;40;62;168;119;215;398;273;196;150;161;95;45;42;21;9;16;6;6;0;0;0;23;139;148;40;230;1512;182;52;6
202012;11030720;11;03;07;20;2;3183;2134;1049;25;32;27;31;25;12;30;39;30;24;11;22;103;396;269;367;510;310;276;176;203;121;56;32;10;28;6;12;0;0;0;0;25;115;146;22;499;2111;209;56;0
202012;11030721;11;03;07;21;2;4545;2436;2109;39;33;34;72;33;25;26;52;49;41;28;59;119;506;325;503;721;497;371;290;243;190;126;60;32;22;22;10;10;7;0;0;39;172;221;59;625;2950;376;86;17
202012;11030824;11;03;08;24;2;2365;1254;1111;24;18;20;52;21;24;16;32;49;22;7;50;81;290;189;239;362;217;171;126;118;103;40;22;9;19;22;7;12;3;0;0;24;111;150;50;371;1422;165;57;15
202012;11040925;11;04;09;25;2;680;349;331;4;9;6;9;3;0;3;0;0;3;3;13;25;36;50;76;160;109;50;37;34;25;4;3;9;3;3;0;3;0;0;0;4;27;9;13;61;516;32;15;3
202012;11040926;11;04;09;26;2;4983;2622;2361;57;56;61;104;35;45;26;74;58;63;23;79;119;354;318;547;967;652;461;331;178;146;66;30;35;43;36;13;3;3;0;0;57;256;289;79;473;3454;242;127;6
202012;11041022;11;04;10;22;2;1547;893;654;19;12;21;18;21;19;15;23;38;22;12;45;36;134;117;165;281;154;95;94;72;56;22;9;18;16;7;6;0;0;0;0;19;72;129;45;170;978;87;47;0
202012;11041023;11;04;10;23;2;1477;760;717;22;25;30;47;20;11;12;30;31;24;13;32;28;104;71;138;228;158;140;88;85;65;25;19;9;9;3;0;4;6;0;0;22;122;121;32;132;908;109;21;10
202012;11041027;11;04;10;27;2;657;340;317;3;10;10;13;7;6;16;12;9;13;9;12;26;36;36;71;109;69;56;28;37;35;9;9;4;6;3;3;0;0;0;0;3;40;65;12;62;406;53;16;0
202012;11041128;11;04;11;28;2;4905;2431;2474;69;72;74;125;56;36;35;82;68;57;36;103;142;488;361;602;676;517;324;284;192;198;98;40;50;27;54;21;12;6;0;0;69;327;314;103;630;2956;336;152;18
202012;11051229;11;05;12;29;2;552;284;268;6;10;13;19;12;3;0;6;6;10;0;19;25;31;31;55;84;66;60;28;25;19;12;0;0;0;0;9;0;3;0;0;6;54;25;19;56;349;31;9;3
202012;11051330;11;05;13;30;2;1628;994;634;15;15;9;18;10;10;6;13;11;12;0;10;33;262;216;322;273;162;61;66;40;18;6;6;9;8;3;4;7;3;0;0;15;52;52;10;295;1140;30;24;10
202012;11051331;11;05;13;31;2;690;373;317;9;7;10;12;6;4;3;6;9;0;12;7;3;62;46;67;122;62;71;63;27;35;10;15;0;6;10;3;0;3;0;0;9;35;34;7;65;458;60;19;3
202012;11051332;11;05;13;32;2;582;300;282;0;6;3;10;3;0;3;9;3;6;3;0;12;57;42;68;103;72;51;38;43;15;6;3;11;6;6;3;0;0;0;0;0;22;24;0;69;417;24;26;0
202012;12103115;12;10;31;15;2;1994;1074;920;16;18;6;22;6;19;7;22;26;15;13;28;34;134;101;157;248;204;185;204;142;115;59;33;28;27;57;34;28;3;3;0;16;52;102;28;168;1241;207;146;34
202012;12103116;12;10;31;16;2;3107;1682;1425;25;32;30;66;38;30;32;47;55;57;28;85;89;183;140;233;410;343;278;252;197;176;64;25;31;27;78;28;18;7;3;0;25;166;249;85;272;1853;265;164;28
202012;12103117;12;10;31;17;2;3689;1986;1703;19;42;37;72;39;36;33;54;56;51;27;89;112;209;153;286;486;401;336;288;232;192;95;58;50;64;82;46;27;17;0;0;19;190;257;89;321;2182;345;242;44
202012;12103218;12;10;32;18;2;3751;2036;1715;22;22;24;66;18;19;23;54;49;39;23;56;116;332;217;352;535;388;281;271;270;189;77;48;28;57;78;48;31;12;3;3;22;130;207;56;448;2314;314;211;49
202012;12103219;12;10;32;19;2;2333;1240;1093;21;20;21;33;14;20;16;37;30;21;15;34;34;158;87;226;331;279;183;206;168;108;58;39;33;33;51;37;13;3;4;0;21;88;139;34;192;1480;205;154;20
202012;12103220;12;10;32;20;2;802;411;391;9;6;6;15;6;3;9;16;9;13;3;9;20;43;27;48;119;84;79;65;58;49;22;9;9;10;30;16;10;0;0;0;9;33;53;9;63;480;80;65;10
202012;12214125;12;21;41;25;2;1404;915;489;7;6;16;17;0;9;3;17;19;19;6;33;36;86;72;96;190;157;166;120;111;72;27;12;12;24;40;12;15;4;0;0;7;39;73;33;122;912;111;88;19
202012;12214126;12;21;41;26;2;1775;901;874;19;20;17;31;23;10;16;37;35;29;17;47;50;120;52;92;197;161;182;151;137;82;56;29;29;35;43;26;26;3;3;0;19;91;144;47;170;972;167;133;32
202012;12214421;12;21;44;21;2;683;372;311;9;9;7;6;6;13;0;13;9;13;6;16;6;51;21;61;80;89;58;49;43;52;25;6;14;6;15;0;0;0;0;0;9;28;54;16;57;401;83;35;0
202012;12214422;12;21;44;22;2;2975;1613;1362;28;35;36;50;40;35;36;56;72;70;40;88;99;193;146;191;329;291;254;226;201;144;71;51;26;35;50;48;22;9;3;0;28;161;309;88;292;1638;266;159;34
202012;12214423;12;21;44;23;2;1286;676;610;12;9;11;15;20;15;3;18;12;13;3;28;34;63;71;77;155;157;124;113;92;74;34;16;15;22;42;16;6;16;0;0;12;55;64;28;97;789;124;95;22
202012;12214424;12;21;44;24;2;3734;2047;1687;15;38;35;75;32;35;35;69;84;60;37;74;150;272;141;239;430;387;356;301;291;215;61;54;44;48;71;51;22;9;0;3;15;180;320;74;422;2145;330;214;34
202012;12214527;12;21;45;27;2;1528;768;760;7;20;23;26;14;9;13;22;27;18;9;12;36;74;89;108;171;152;125;135;112;64;47;25;21;31;56;26;27;17;9;3;7;83;98;12;110;892;136;134;56
202012;12214528;12;21;45;28;2;68;47;21;0;0;0;0;0;0;0;0;0;0;0;22;12;3;3;6;13;0;3;0;0;3;0;0;0;0;0;3;0;0;0;0;0;0;0;22;15;25;3;3;0
202012;12224229;12;22;42;29;2;351;165;186;0;4;3;3;3;6;0;0;3;9;3;14;25;12;6;16;37;12;42;34;41;22;9;7;9;3;7;7;8;3;3;0;0;13;21;14;37;188;38;26;14
202012;12224230;12;22;42;30;2;1008;497;511;0;7;3;12;6;6;3;13;9;13;10;25;41;56;48;42;80;93;96;84;93;68;18;17;27;42;37;27;23;6;3;0;0;28;54;25;97;536;103;133;32
202012;12231101;12;23;11;01;2;1191;617;574;3;6;17;15;13;6;12;12;26;12;9;39;23;51;40;74;145;113;79;103;102;86;33;13;22;25;45;35;13;12;4;3;3;51;77;39;74;656;132;127;32
202012;12231102;12;23;11;02;2;925;417;508;3;4;7;12;3;6;3;14;13;21;3;25;22;40;24;45;74;81;81;85;72;84;39;13;29;18;41;47;9;0;4;3;3;26;60;25;62;462;136;135;16
202012;12301203;12;30;12;03;2;2890;1639;1251;16;21;38;71;30;22;26;57;49;44;3;42;115;222;141;232;334;309;253;211;190;139;70;44;27;38;54;58;19;9;6;0;16;160;201;42;337;1670;253;177;34
202012;12301204;12;30;12;04;2;764;401;363;6;3;6;10;12;13;0;21;12;3;12;35;26;54;38;47;79;53;65;71;54;46;24;3;12;7;25;12;3;9;3;0;6;31;61;35;80;407;73;56;15
202012;12301205;12;30;12;05;2;436;232;204;3;0;0;13;6;6;3;6;3;6;0;6;20;38;16;25;49;31;40;43;49;19;12;6;3;9;12;6;0;6;0;0;3;19;24;6;58;253;37;30;6
202012;12301206;12;30;12;06;2;314;164;150;0;3;0;3;3;0;3;0;3;7;7;6;0;23;6;22;24;31;28;42;9;25;9;12;6;6;21;6;6;0;3;0;0;9;20;6;23;162;46;39;9
202012;12302107;12;30;21;07;2;553;284;269;3;0;0;12;3;3;3;9;10;9;3;7;11;29;22;33;61;41;54;53;45;40;15;3;12;16;14;22;16;4;0;0;3;15;37;7;40;309;58;64;20
202012;12302108;12;30;21;08;2;3370;1683;1687;22;31;34;68;43;43;58;82;68;89;43;128;103;203;108;180;360;321;344;303;251;161;67;33;36;41;55;45;37;10;0;3;22;176;383;128;306;1867;261;177;50
202012;12302109;12;30;21;09;2;3057;1472;1585;27;25;16;56;27;25;37;81;73;87;39;109;103;153;76;171;318;332;339;279;224;167;78;45;31;38;40;31;15;12;3;0;27;124;342;109;256;1739;290;140;30
202012;12302110;12;30;21;10;2;3247;1697;1550;19;31;46;71;53;35;38;116;114;81;41;120;140;203;107;191;320;291;277;283;257;157;41;38;25;37;62;31;12;10;0;0;19;201;425;120;343;1726;236;155;22
202012;12302211;12;30;22;11;2;445;219;226;3;0;3;3;0;0;0;0;3;6;6;9;13;30;9;28;63;29;25;38;37;34;19;12;15;3;31;4;6;10;0;6;3;6;15;9;43;229;65;53;22
202012;12302212;12;30;22;12;2;1853;976;877;16;38;34;60;29;28;30;64;69;62;32;82;76;112;54;95;161;204;152;145;107;72;21;18;15;22;27;13;6;6;3;0;16;161;285;82;188;918;111;77;15
202012;12304313;12;30;43;13;2;1223;646;577;20;10;12;23;6;9;13;13;19;16;16;18;33;90;79;122;153;109;85;92;76;75;38;7;21;18;29;12;6;3;0;0;20;51;86;18;123;716;120;80;9
202012;12304314;12;30;43;14;2;772;365;407;3;0;6;6;3;3;6;13;16;7;0;9;10;56;31;60;85;87;76;68;63;40;18;6;21;19;18;27;12;3;0;0;3;15;45;9;66;470;64;85;15
